review_id,store,user_name,rating,title,body,submitted_at
play_85762ef2-ddc2-4abe-98c7-f1c63f9bb725,GOOGLE_PLAY,SATYAM SINGH,1,"pathetic flow of order cancellation, in","pathetic flow of order cancellation, in the term off food waste they keep delaying and after that you will be charged 100% amount for the cancellation. The negative rating isn't possible if it was i have given -infitite.",2026-07-04T13:36:30Z
play_9ff1794f-6653-495c-8aae-313840cc14e5,GOOGLE_PLAY,Alfiya Khan,5,good app,good app,2026-07-04T13:32:06Z
play_754bb7e6-cf38-4b35-acbd-6f98014e1b34,GOOGLE_PLAY,Mamta Gund,1,Absolutely pathetic service from Swiggy,"Absolutely pathetic service from Swiggy. My biryani took 1 hour 45 minutes to arrive, and when it finally did, the packaging was so bad that the rice was literally visible and the order was wet. Your customer support kept wasting my time by first asking for a video, then photos, and making false promises of a resolution without actually doing anything. On top of that, you charged a handling fee for this joke of a service. This is completely unacceptable and shows how you care about your customer",2026-07-04T13:29:12Z
play_6c4b9b77-1380-4b50-94f5-4eb26bc3b269,GOOGLE_PLAY,Pooja Kadam,5,nice,nice,2026-07-04T13:28:31Z
play_df2efca7-6617-4130-a662-f82ce762d121,GOOGLE_PLAY,PSDiana Priyanka,1,Ordered 750ml Chicken biryani,"Ordered 750ml Chicken biryani. Instead they sent 500ml only. when I contacted Swiggy chat support simply they said the restaurant standardized portion options, and immediately they ended chat. I'm not even able to chat again. Then why did the restaurant mention 750ml and they sent 500ml. Simply cheating customers. Swiggy also does not respond properly.",2026-07-04T13:24:54Z
play_2add2a5b-249c-449e-baf0-cdaa94e82244,GOOGLE_PLAY,Jignisha Solanki,4,good,good,2026-07-04T13:23:35Z
play_00a9e25e-7558-4391-b4cd-cee4f60c2ab2,GOOGLE_PLAY,P K Lahera,5,ok,ok,2026-07-04T13:20:15Z
play_5c701254-c4a0-41b3-a7bd-424b9b13e0d6,GOOGLE_PLAY,Ankit singh,5,good service 🐕‍🦺,good service 🐕‍🦺,2026-07-04T13:20:06Z
play_e2a73234-4dfe-43e2-bcea-a379062c03b3,GOOGLE_PLAY,Muruga Selvam,5,very good,very good,2026-07-04T13:19:30Z
play_b31786b0-42c8-4312-b5b6-e4dacf9fb272,GOOGLE_PLAY,Abi Mani,5,good,good,2026-07-04T13:18:43Z
play_19c776ff-9844-405d-96a5-a4f9d0a33203,GOOGLE_PLAY,Vibha Thapa,5,good 👍,good 👍,2026-07-04T13:18:22Z
play_69434054-6921-4401-9956-b965aa7a6650,GOOGLE_PLAY,Ravi Mathur,5,very hard working delivery boys,very hard working delivery boys.,2026-07-04T13:16:33Z
play_bb4d1f6a-57aa-44bb-9418-0f86cd224c60,GOOGLE_PLAY,Akash Kushwaha,5,good,good,2026-07-04T13:16:03Z
play_84bf8bb3-d9d2-4384-a2c8-14cbcbb2bbef,GOOGLE_PLAY,Rushikesh Sonawane,5,पाण्या पावसाची सुद्धा ऑर्डर घेऊन येतात,पाण्या पावसाची सुद्धा ऑर्डर घेऊन येतात. मस्त अँप आहे,2026-07-04T13:15:48Z
play_f385b0e0-50fc-42bd-9712-769583e1e202,GOOGLE_PLAY,Sanjay Surwade,5,good service,good service,2026-07-04T13:13:46Z
play_3eb979c1-212e-4b42-90eb-9e8654875fb6,GOOGLE_PLAY,Harshada Rahul Shende,5,best service,best service,2026-07-04T13:11:53Z
play_956f1d88-4a32-4a71-8b77-a394fd925f9d,GOOGLE_PLAY,Kishore Kulkarni,3,good,good,2026-07-04T13:11:15Z
play_c2e9bcc5-4b34-4b87-b2d4-67e44891e921,GOOGLE_PLAY,navroop kaur,5,great,great,2026-07-04T13:09:12Z
play_4c547397-ca75-4a13-a716-9ffd70419154,GOOGLE_PLAY,lavanya Upare,5,best ap,best ap,2026-07-04T13:08:59Z
play_4b36e951-f458-4a8a-a996-3b8128ac7e34,GOOGLE_PLAY,Laxman Keniya,5,super,super,2026-07-04T13:08:44Z
play_4884c9e6-ff88-4f25-b3b9-fc4e60c61338,GOOGLE_PLAY,Yashwanth,4,good,good,2026-07-04T13:08:08Z
play_03d6da9b-8a47-43db-aeaa-fea554e97586,GOOGLE_PLAY,Tapash Das,4,this is good 👍🏻,this is good 👍🏻,2026-07-04T13:07:47Z
play_932f6b1d-7b49-4ce8-b8d1-fc9bcbadb3a3,GOOGLE_PLAY,Sandeep Chauhan,5,good,good,2026-07-04T13:04:45Z
play_00c3f29e-b204-4a95-a15c-3cf515363679,GOOGLE_PLAY,Vasanthi thiru,5,good,good,2026-07-04T13:04:41Z
play_2056fb6b-072d-4a0c-bee7-6ae7b10a28f0,GOOGLE_PLAY,Priyanka Nachare (Priyanka's Cosmatic),5,thank you 😊,thank you 😊,2026-07-04T13:04:00Z
play_47b1b71f-69b6-4082-8247-43927b6c3f71,GOOGLE_PLAY,Rajesh Sahoo,4,good,good,2026-07-04T13:01:41Z
play_9a16007c-5e82-47ba-91db-36147dda5724,GOOGLE_PLAY,Rutiksha Aswekar,5,good service 👍,good service 👍,2026-07-04T12:59:08Z
play_1ae6a3b4-5a50-42d0-8973-7b759303edbe,GOOGLE_PLAY,Pradeep Singh,5,good 😊,good 😊,2026-07-04T12:57:30Z
play_39f2bb33-971e-4d19-b3fb-ca9176b06b17,GOOGLE_PLAY,Aravindan,5,good one,good one,2026-07-04T12:50:58Z
play_5eda4905-a9e4-455d-817b-e98f24d3932f,GOOGLE_PLAY,Aqsaaqsa Aqsa,5,happy with service,happy with service,2026-07-04T12:50:30Z
play_72f37244-ae40-4a28-a9b7-509d054d3f4d,GOOGLE_PLAY,Lutfa Khatun,1,very bad,very bad,2026-07-04T12:49:59Z
play_4a4a9ac2-5fe2-49b5-8e94-f355c603a6be,GOOGLE_PLAY,Hitesh Kumar,5,good,good,2026-07-04T12:49:16Z
play_298e8e5d-713b-416d-aa0a-16553e324f33,GOOGLE_PLAY,BHARAT SAHU,5,nice,nice,2026-07-04T12:48:06Z
play_847e1791-9a63-4639-a300-20eb1fb930d5,GOOGLE_PLAY,Sonu Kumar Mishra,5,good,good,2026-07-04T12:48:03Z
play_cdc9cc87-59b7-4aa5-af71-8bfff88d03b0,GOOGLE_PLAY,Shivam Rajbhar,5,so beautiful,so beautiful,2026-07-04T12:44:14Z
play_5a697e0b-daef-4aae-9a4e-795ddd2aaca6,GOOGLE_PLAY,SANJAY Bagdi,5,plz Refund my payment,plz Refund my payment,2026-07-04T12:43:16Z
play_e82338a4-2c72-483b-8007-8eb71a11562d,GOOGLE_PLAY,Mani Kandan,4,good,good,2026-07-04T12:42:42Z
play_825f266d-6270-4879-88dd-40f42741c7f5,GOOGLE_PLAY,Imtiyaz Ahmad,5,add indian thali,add indian thali,2026-07-04T12:42:39Z
play_2f4729c8-966e-49da-9ace-2553d5e0f57e,GOOGLE_PLAY,Arvind Thombre,3,address inputs are critical,address inputs are critical,2026-07-04T12:42:31Z
play_13676e54-c75c-4295-8288-ce1316a8d445,GOOGLE_PLAY,Amit Mandal,5,good 👍,good 👍,2026-07-04T12:38:55Z
play_97b35cee-0eb1-4abf-9a9a-46767eaed61b,GOOGLE_PLAY,Shashi Pathak,1,fake notification and no great offers as,fake notification and no great offers as promised. it just broke expectations . it notified me ice cream at just 1rs and when I checked prices were higher,2026-07-04T12:35:07Z
play_55c85692-a309-48b1-b484-9ac60d0f9df3,GOOGLE_PLAY,Mr__spyy___boyy ACHU,5,supra,supra,2026-07-04T12:34:13Z
play_11ba7645-418a-45c9-b4a0-0e77876f04fd,GOOGLE_PLAY,Arjun Retla,4,super,super,2026-07-04T12:33:53Z
play_52278f37-2e21-4508-929a-3bb19e872ca9,GOOGLE_PLAY,Sourav Aggarwal,5,good,good,2026-07-04T12:32:47Z
play_0e5eeb3a-0842-4389-a08a-d9ff5d3d0b3a,GOOGLE_PLAY,Reshika Lakshmi,3,good,good,2026-07-04T12:30:31Z
play_83bdb776-36b7-4d56-8257-d9ec2248e881,GOOGLE_PLAY,Akash Chaudhary,1,very high delivery fees,very high delivery fees,2026-07-04T12:29:20Z
play_6a45a5e4-8a3b-45e9-aa3b-f2792729c0ec,GOOGLE_PLAY,Sudhir Rajput,5,good job,good job,2026-07-04T12:28:08Z
play_c5077c78-90a6-46a0-9049-d23f1429bf9d,GOOGLE_PLAY,Bulu Patel,4,very good,very good,2026-07-04T12:24:37Z
play_624ee4ae-d2b0-43ae-8782-4e716ba05715,GOOGLE_PLAY,Sᴋ Sᴀʜᴀʙᴜʟ,5,very good,very good,2026-07-04T12:23:00Z
play_575a5fec-aaff-4f77-be5a-691afe9d900e,GOOGLE_PLAY,Sanju Banoth03,5,😁,😁,2026-07-04T12:22:44Z
play_42e5e946-09e3-4486-9daf-165818641df6,GOOGLE_PLAY,Shaik Hameed,5,Excellent,Excellent,2026-07-04T12:18:15Z
play_71582e70-f44e-4093-95d7-570ccacbab6b,GOOGLE_PLAY,Arun Shivan,4,good,good,2026-07-04T12:15:54Z
play_c0bee15a-f6e2-418d-99d9-27bd87a018ad,GOOGLE_PLAY,Junaid Khan,4,Nice,Nice,2026-07-04T12:15:48Z
play_5a8ee61d-7977-4aeb-96f5-d703ff642499,GOOGLE_PLAY,Vamsi krishna Chalamalasetti,1,very worst only works for money it's bet,"very worst only works for money it's better to take food directly from the hotel even though no reply from customer care and i want to mention one more thing that i already had discussed with customer care and again you will ask to drop a mail but no use at all better stop buying food online it is better to go directly. I would give zero star-- for the reply i am writing, customer gave a reply that Even though the food was cool and the food came with all mixing and no proper response",2026-07-04T12:11:09Z
play_96703749-c1a2-48b3-aa3f-518c6e9e3737,GOOGLE_PLAY,ANOOP IP,5,Good App,Good App,2026-07-04T12:10:44Z
play_e8f66f4a-c669-4a4d-9dd7-2549bf78fba8,GOOGLE_PLAY,Harsh Verma,5,very nice food delivery app👌👌🥰🥰,very nice food delivery app👌👌🥰🥰,2026-07-04T11:51:21Z
play_616506b1-0b00-4427-9420-491f8fc8e376,GOOGLE_PLAY,Srushti Shejwal,5,nice,nice,2026-07-04T11:47:17Z
play_61564e43-9ade-4fb7-97ea-4a0b3d91bad8,GOOGLE_PLAY,Pritam Bera,5,new,new,2026-07-04T11:42:31Z
play_c733e435-8e1f-4be8-8959-f5a0fc488ab0,GOOGLE_PLAY,Karthick V,5,good,"good ......,...................",2026-07-04T11:41:17Z
play_8cefbad2-7ab9-4b84-a7ec-fa533d19b972,GOOGLE_PLAY,Mohan Thakur,5,ok,ok,2026-07-04T11:37:19Z
play_7072fda4-686a-4b06-9523-b4c8c12ecde6,GOOGLE_PLAY,Aditi Sharma,1,Received completely stale thali from Sha,"Received completely stale thali from Shaba Veg Bistro, Koregaon Park – even the salad was smelling. Had to discard the whole order and pay again for fresh food, causing huge inconvenience. Raised this on Swiggy chat, but it was closed without any resolution. This is unacceptable for a paid premium thali. I demand a full refund immediately. i have mailed to Swiggy but no response",2026-07-04T11:37:10Z
play_85dcbb14-1a24-4477-a756-022c71ceb3f6,GOOGLE_PLAY,Ramkishan s kotalwar om nmo vankatsha,1,rate are soo many,rate are soo many,2026-07-04T11:33:53Z
play_3dace8dc-374a-4ab6-a5bd-5ff3c97612a4,GOOGLE_PLAY,Raj Pakhar,4,👍🏼,👍🏼,2026-07-04T11:24:07Z
play_41a56ce2-466c-45cd-8d89-c79aed4aa1dc,GOOGLE_PLAY,Geetesh Dhiwar,4,nice,nice,2026-07-04T11:16:28Z
play_709a906b-76e7-4f04-b2c4-3adc28d1e72a,GOOGLE_PLAY,Maha Lakshmi,1,worst service and language service only,worst service and language service only hindi chat also hindi how to understand in South Indian people,2026-07-04T11:07:14Z
play_fd2c1eea-8806-4ae6-9da5-23b327766bed,GOOGLE_PLAY,Alien Hunter,1,"downloded the app, first order, ordered","downloded the app, first order, ordered on 3:03pm waited till 4, the delivery guy didn't delivered, called the customer care, said they'll appoint new delivery guy and promised to deliver within 10mins, waited for another half an hour, still nothing happened, tried the customer care again, they said the same thing again""we'll appoint you a new delivery guy"" , cancelled the order, now in the app it's showing the refund been successfull but money was not credited, now blame bank, worst experience",2026-07-04T11:03:38Z
play_cad027f6-4abd-4b2d-b257-9eb8fb197d74,GOOGLE_PLAY,jetaram godara,5,very good,very good,2026-07-04T11:00:55Z
play_7eedc7f5-ea29-4410-a000-6ebcdf9e057f,GOOGLE_PLAY,Abhang Mestri,5,good,good,2026-07-04T10:53:06Z
play_75cb1e64-1387-404a-b687-45477bc27b62,GOOGLE_PLAY,Aman Utreja,1,swiggy just sucks,swiggy just sucks. they would never deliver your food on time and then won't take any responsibility if you receive cold food. pathetic services just pathetic services,2026-07-04T10:49:15Z
play_65688132-af61-4e9a-ab95-a28a050e0ca9,GOOGLE_PLAY,Sachin Mayekar,5,Nice 👌,Nice 👌,2026-07-04T10:48:10Z
play_6c16e31e-4bdc-42c4-90db-b71f7d4fed0b,GOOGLE_PLAY,Bijraj Thakor,5,Best,Best,2026-07-04T10:38:30Z
play_a26f4224-d2dc-4780-bd33-407bcfd89567,GOOGLE_PLAY,Pallavi,5,nice,nice,2026-07-04T10:35:15Z
play_b455c481-bf06-44cf-94df-ce00a8c94f75,GOOGLE_PLAY,geetha124 geetha124,4,okay,okay,2026-07-04T10:28:24Z
play_edb27def-e81e-4fd6-a052-40ad691bd768,GOOGLE_PLAY,Snigdharani senapaty,5,very good,very good,2026-07-04T10:26:49Z
play_95c4ae1b-2642-4f15-9b9b-7c311ccebe89,GOOGLE_PLAY,Sagar Kamble,5,good,good,2026-07-04T10:02:50Z
play_cee32982-2396-4cf6-a0bf-a59722d299fd,GOOGLE_PLAY,Amit Shete,5,best app,best app,2026-07-04T10:00:20Z
play_d137674f-45d5-4541-8ad3-729c925324bf,GOOGLE_PLAY,AMIT K S,2,Instamart is prompting baseless errors w,Instamart is prompting baseless errors whenever I try applying valid card discounts.,2026-07-04T09:57:58Z
play_ed969b8e-e556-466a-9db0-6ccd85e9d031,GOOGLE_PLAY,Yeddu Joseph,5,Good,Good,2026-07-04T09:52:08Z
play_174e7f3b-7a5b-424c-b28e-d078d6aadb97,GOOGLE_PLAY,Krishna Anusuri,4,super,super,2026-07-04T09:48:54Z
play_c26b8092-3238-4fe7-9de6-e795abb4f8a2,GOOGLE_PLAY,sakshi more,5,good,good,2026-07-04T09:47:03Z
play_56592d40-a7cb-4d98-b156-ce3498182f17,GOOGLE_PLAY,Shafique Shaikh,2,good,good,2026-07-04T09:41:35Z
play_bf7a7d9c-4c67-4f1a-810e-cea040491956,GOOGLE_PLAY,Venu Madhav M,1,Heavy cost,Heavy cost. But maximum items are missing n also happening regularly. Not at all suggest to order this app. If we have 0 rating I would have given it. Uninstalled app Successfully. 200% waste n worst services.,2026-07-04T09:40:50Z
play_edf1b926-0cd9-4222-a8eb-f859e1177b2d,GOOGLE_PLAY,KAIF MD,4,yas,yas,2026-07-04T09:29:09Z
play_ca5a81a6-bc73-45d7-86b7-5dc9908b4fa1,GOOGLE_PLAY,Makima Agro traders,4,good service,good service,2026-07-04T09:11:59Z
play_6a1efffa-2836-440a-bde4-22695989ad51,GOOGLE_PLAY,Arya Shivhare,1,"bad , i am not using this aap again'","bad , i am not using this aap again'",2026-07-04T09:08:59Z
play_364e9bff-cf24-48c3-973e-4e128c9e952b,GOOGLE_PLAY,Rajeshwari Kongari,5,super 👍,super 👍,2026-07-04T08:55:29Z
play_db9bcdcf-8682-45d8-8a91-b44af12e35dd,GOOGLE_PLAY,Sunil Sharma,5,ok,ok,2026-07-04T08:52:19Z
play_1ef70b9a-4ef5-4a9e-b1a3-0b40eaaab3f2,GOOGLE_PLAY,Annapuri Anitha,5,interst very good One thing cash deliver,interst very good One thing cash delivery very good opinion,2026-07-04T08:49:56Z
play_a51aad1b-0be3-4e75-9aa3-a0b1ab74b8b6,GOOGLE_PLAY,Venkitakrishnan S,5,good,good,2026-07-04T08:19:42Z
play_b11cf6bc-227d-412f-8093-1ae820c19926,GOOGLE_PLAY,akito yamada,1,not good,not good,2026-07-04T08:18:20Z
play_85a98a94-9a07-46da-8932-154dc1569c4f,GOOGLE_PLAY,Muniswamy97rajeswari,1,They are cheating with coupons,"They are cheating with coupons. After applying coupons its shows 60 rs saved and you receive cashback but no we don't receive it, this is not the first time happening for and support is the worst",2026-07-04T08:17:26Z
play_beab4158-ca7b-4860-8c3f-d7847891e462,GOOGLE_PLAY,Naresh Chahar,1,it was showing price Rs 320 but I had to,it was showing price Rs 320 but I had to pay 393 ... Swiggy is looting by keeping their customers in illusion. I checked in morning price seems reasonable so I did not buy from... later at home placed order it was still showing 320 but at finally stage of payment it showed 393 but I had to pay as I was already at home to avoid inconvenience as I can not go market again.... Be carefull The cake was upside down and it was completely smasshed by the time it arrived. Swiggy felt sorry but did nothin,2026-07-04T08:15:27Z
play_13762522-4363-4cfc-ad88-5f01055a5e68,GOOGLE_PLAY,sagar jatav greater noida,5,nice experience,nice experience,2026-07-04T07:55:45Z
play_25c2c164-7923-4e24-bfc1-66fd758f7b8e,GOOGLE_PLAY,Ramanji Meesala,5,good,good,2026-07-04T07:32:20Z
play_41c96d19-b59c-4b36-af3a-e4982deebd34,GOOGLE_PLAY,shivrajjat jaat,5,good job,good job,2026-07-04T07:30:42Z
play_f16c0b6d-53c0-49a8-a518-35b001501498,GOOGLE_PLAY,Ajay Vemulapalli,1,Worst delivery app,Worst delivery app. Doesn't even let you contact customer support no matter how much you try. Zomato is far better!!,2026-07-04T07:29:25Z
play_b0808741-4085-4d68-8fe6-ddd486f67c59,GOOGLE_PLAY,Dipankar Das,5,good,good,2026-07-04T07:03:46Z
play_477d8aa6-2c85-4c75-95ec-2a661c11c82f,GOOGLE_PLAY,Sanjay Sanjay,5,super nice,super nice,2026-07-04T06:37:49Z
play_e3de0f99-978f-4dd4-88c0-56e0874cce06,GOOGLE_PLAY,History,1,Very disappointing support experience,"Very disappointing support experience. I clearly ordered food without onion and garlic, but my instructions were ignored. Even after sharing proof and explaining the issue, no refund or compensation was offered. The support team only kept redirecting me to email instead of resolving the problem. Not satisfied with the service.",2026-07-04T06:31:03Z
play_3373a833-9620-419f-a71a-be232d941c9f,GOOGLE_PLAY,Priyanka Bhanushali,1,I have been using Swiggy for the past 12,"I have been using Swiggy for the past 12 years, but this has been my worst experience. In my recent Swiggy Instamart order, I received an expired product and one item was missing. I reported the issue immediately and shared all the required photos and proof. Even after acknowledging my complaint, Swiggy refused to provide a refund or a replacement. An apology without any resolution is not acceptable. Loyal customers deserve fair support, especially when clear evidence has already been provided",2026-07-04T05:27:42Z
play_4c40f5bb-9b6d-4eba-befb-c9fc77d0c46a,GOOGLE_PLAY,Ajay Sharma,5,nice,nice,2026-07-04T05:22:36Z
play_ef9eaf01-bc10-402f-b5f0-f0e76767c581,GOOGLE_PLAY,Rupesh Bhirud,1,delivery ka socho,delivery ka socho. ye platform koi bhi bana sakta hai. service is important. wo tum de nai pa rahe. hamesha late.,2026-07-04T05:12:10Z
play_bc5e4ae9-b305-43a6-bbdc-530ee5cb5623,GOOGLE_PLAY,Sourav Pal.,3,enjoy 😊,enjoy 😊,2026-07-04T04:27:59Z
play_55b5579b-7264-4b93-8d6b-788a959f8d5f,GOOGLE_PLAY,Naveen Chintakinda,1,"​""Extremely frustrated with my recent ex","​""Extremely frustrated with my recent experiences using Swiggy. Twice now, delivery agents have picked up my order only to stop responding to my calls and suggest that I cancel the order myself. Being left hungry due to such unprofessionalism is completely unacceptable. I have decided to stop using Swiggy and am uninstalling the app. I hope this serves as a warning to other users to be cautious. Swiggy needs to urgently address these service failures and enforce better accountability",2026-07-04T03:54:37Z
play_d04aff28-6ce8-496d-a72c-bdc4a8789bff,GOOGLE_PLAY,Rohan Singh Shekhawat,1,items were missing they gave 193 rupees,items were missing they gave 193 rupees of coupon i asked them for refund of specific item they said no that is also fine but on everynormal order i get rs 125 discount coupon and he has given me 193 rupees discount coupon and u can only apply 1 coupon at a time so now the rs 125 coupon benefit i am not getting i can only apply 1 at a time so it means i have only received 60 rupees appx from their end nice fraud,2026-07-04T03:40:00Z
play_b616509a-67ee-4130-bae2-e3c1c98a8a2c,GOOGLE_PLAY,ayush garg,1,fraud,fraud,2026-07-04T03:17:56Z
play_b8161fab-00f9-46bd-9e3c-811e97544c36,GOOGLE_PLAY,Balu Madugula,2,Its So late,Its So late,2026-07-04T02:35:20Z
play_4ae3b90b-1d17-4aaf-9c9c-d7e71f8c1dbf,GOOGLE_PLAY,Suraj kumar,5,Do more Best,Do more Best .!!!,2026-07-04T02:33:47Z
play_387b701a-f490-4b30-8aa0-2b881677bdd6,GOOGLE_PLAY,Little mekup Artist shrishti Bisht,4,24 dilevery,24 dilevery,2026-07-04T02:26:57Z
play_c3bae6e5-f4ad-46ab-94db-d127d204ff98,GOOGLE_PLAY,Aniket Kamble,5,तुमची सर्विस खूप चांगली आहे आम्हाला आवडत,तुमची सर्विस खूप चांगली आहे आम्हाला आवडते,2026-07-04T02:11:26Z
play_ec31c12b-bd1d-474c-8caa-02c7551329b2,GOOGLE_PLAY,Ravindra Thakur,5,great,great,2026-07-04T01:54:49Z
play_22f74392-da33-419b-b260-ea7825f5def9,GOOGLE_PLAY,Kanchana anjali,5,good 💗,good 💗,2026-07-04T01:42:46Z
play_39048051-10b8-4b2e-8d02-fbe6ee85ba1d,GOOGLE_PLAY,Sushma Singh,5,Genuine and Yummy foods hub with great d,Genuine and Yummy foods hub with great deals and offer. Swiggy is the best.,2026-07-04T01:35:58Z
play_01d53b68-1b52-4a68-adaf-4237f889f436,GOOGLE_PLAY,savara bhaskar,1,already I ordered only single item food,already I ordered only single item food.... but.. NO Delivery person... 1hour completed.. NO responsibility... 1nd hours NO food...... How to Feedback.......,2026-07-04T01:32:34Z
play_4dd5c9b6-f865-4e32-938e-08521b38f668,GOOGLE_PLAY,Pinky Pal,5,good,good,2026-07-04T01:15:23Z
play_c2b424b3-f35c-4ebc-94b9-ebbfe908f475,GOOGLE_PLAY,rohit kumar b,1,"terrible experience, they dont waive my","terrible experience, they dont waive my cancelation fees. I was a very frequent customer. because they couldn't waive of cancelation fees of just 350/- , I had to stop orderering. it has been 8 months since my last order in swiggy.. Very irrational customer care representative",2026-07-04T01:12:15Z
play_1ebfc7d1-b739-4c7c-879b-f154d3924a99,GOOGLE_PLAY,nikhil palav,1,Bakwas services,"Bakwas services...I ordered pizza at 11.10 PM, delivered to me after 1.5 hours....and it was cold as hell Pizza..and as a compensation 39 rs coupon is all you have to offer...You will face your karma soon.",2026-07-04T01:06:35Z
play_ed968cca-8ea6-4d72-9f37-5cc93fbb12cf,GOOGLE_PLAY,Manraj Singh,5,good experience,good experience,2026-07-04T01:03:12Z
play_b003c177-2146-446e-b692-551aa374670e,GOOGLE_PLAY,MD ARIYAN,5,good 👍,good 👍,2026-07-04T00:58:43Z
play_12b27682-5ac6-45b7-b661-1e9122e39a78,GOOGLE_PLAY,JMS MANI,5,Really nice app,Really nice app,2026-07-04T00:55:57Z
play_9aaa77f1-478d-4221-aaf4-a725c31b6d46,GOOGLE_PLAY,Kishore Chatterjee,1,customer care service very poor,customer care service very poor ....,2026-07-04T00:55:09Z
play_0ad8dbde-3dc2-4029-89a5-4bfc9a2b2d2e,GOOGLE_PLAY,Atish Sharma,1,Worst service by support team,"Worst service by support team. Going to uninstall this application. ""I didn't get justice, and I am not satisfied with how they solved my problem either",2026-07-04T00:54:23Z
play_9f4dcb04-d889-49ea-aacd-6848118023d8,GOOGLE_PLAY,Ashish Panwar,1,chor app dont install this aap its total,chor app dont install this aap its totaly froud plzz dont buy enything from swigy,2026-07-04T00:50:32Z
play_9700e10a-336a-4a7f-a021-04d08cd284e0,GOOGLE_PLAY,Soumyadip Dolui,5,very very good,very very good,2026-07-04T00:48:10Z
play_80d2c397-7c91-4df5-b46f-c229723092e8,GOOGLE_PLAY,Venkatesh Ms (kumar),1,simply waste of time ordering from swigg,simply waste of time ordering from swiggy. they will say they deliver the item in 10 minutes and they take 1 hour to deliver the items.,2026-07-04T00:47:06Z
play_ecc9957f-3750-46d3-99c9-b737a87302f6,GOOGLE_PLAY,Shiv Prakash Lal,5,good delivery time And esly use,good delivery time And esly use,2026-07-04T00:46:59Z
play_aafc9e34-c3a3-4bc3-bb65-47f892cc1aba,GOOGLE_PLAY,Divyansh Gemini,3,• Don't club marketing & delivery notifi,• Don't club marketing & delivery notifications under a single channel. • Add support for the dark theme like Zomato.,2026-07-04T00:44:34Z
play_aac37bdd-71c2-426f-9a6d-58e330e54693,GOOGLE_PLAY,Mohammed Shiji S,5,Great food app,Great food app,2026-07-04T00:43:16Z
play_18887b52-6daf-417e-a13a-9ac5fea70c07,GOOGLE_PLAY,Mahi Saxena,5,good 👍,good 👍,2026-07-04T00:35:31Z
play_8b6758be-8106-49cb-a226-a7654bd61a02,GOOGLE_PLAY,Jatin Ksyp,5,very good price And smoothly Order timel,very good price And smoothly Order timely delivery order Best app is the Swiggy for ordering thank u so so so much ❤️☺️,2026-07-04T00:33:13Z
play_2e2d5c6b-ef97-416c-ad9f-bbc17ad3f954,GOOGLE_PLAY,Nazar husain Syyad,4,ok,ok,2026-07-04T00:32:26Z
play_dc862eb2-22cd-497e-84df-0732f577b5c1,GOOGLE_PLAY,Deepak Wadekar,5,best food,best food,2026-07-04T00:30:21Z
play_7754f6d1-4804-4d8c-b103-f6e4d92e7dbc,GOOGLE_PLAY,Adit Agarwal,1,"Item was spicy, can't eat","Item was spicy, can't eat.. swiggy customer support didn't resolve at all.. Worst customer support experience",2026-07-04T00:27:25Z
play_70cde6ed-71ff-4ecb-8e85-108b47ae362b,GOOGLE_PLAY,Dudi Santosh,3,super,super,2026-07-04T00:27:20Z
play_94bd9ea4-8da6-43f1-bc73-37f347464420,GOOGLE_PLAY,DEEPALI BARDE,1,"not good service , if we want to cancel","not good service , if we want to cancel the order for the service delay the ask to pay amount against cancelation , agar sweegi ki or se galati ho to customer pay kyu kare not happy with the service",2026-07-04T00:26:13Z
play_9530aaf4-6f2f-40d7-8fc0-cb57bbc5ebba,GOOGLE_PLAY,vibha tripathi,5,good 👍,good 👍,2026-07-04T00:25:47Z
play_b43690b4-3119-42b8-8bde-76f19be42807,GOOGLE_PLAY,venu daragani,5,nice business,nice business,2026-07-04T00:23:59Z
play_89419040-c510-495f-a56a-214e13726a78,GOOGLE_PLAY,DHEERAJ PRASAD SAMASI,1,Useless,Useless,2026-07-04T00:22:22Z
play_6695ec83-e339-47bf-b2a5-6a93089ab459,GOOGLE_PLAY,Anuj Tiwari,1,delivered the wrong order do not use thi,delivered the wrong order do not use this application recommended use Zomato less help chat sport,2026-07-04T00:18:08Z
play_f732896e-3fab-4422-b2d3-7e7f0ebd5e68,GOOGLE_PLAY,Ankush Vidhi,5,nice,nice,2026-07-04T00:13:03Z
play_1b1b41ba-a12a-4a12-9e81-173b20e96ebd,GOOGLE_PLAY,Krishna Devi,5,good 👍,good 👍,2026-07-04T00:12:25Z
play_275262fa-2af6-4c0a-be31-4d5a32731c42,GOOGLE_PLAY,prasanna m,1,Very disappointed with the Swiggy delive,"Very disappointed with the Swiggy delivery and customer service. our order got delayed by 45 mins. The dominos didn't respond and the customer service responded and they said let me put you on hold and they cut the call this happened around 4 times. The food became very cold and stale and we had to throw it out. Our food,money and time wasted. We expected compensation but the customer service never respond properly VERY VERY DISAPPOINTED WITH SWIGGY",2026-07-04T00:11:43Z
play_0531fade-4750-46ed-898c-ee94cc61348e,GOOGLE_PLAY,aarav coolz,1,No person is replying on the chat,No person is replying on the chat... these app is not a reliable app,2026-07-04T00:10:49Z
play_769bbf29-bd80-4db7-b5bc-98fa670ffe75,GOOGLE_PLAY,sachin ghanekar,1,after 30 min saying not delivered,after 30 min saying not delivered.,2026-07-04T00:06:51Z
play_d9b32f82-7f25-452d-945a-d85ebd9479c1,GOOGLE_PLAY,M J,1,Rating of 1 and app abandonment for a 33,"Rating of 1 and app abandonment for a 33 rupee rumali roti. Why, because their AI bot decided to refund Rs 7 for the missing bread and even after involvement of a human there was no resolution. Hate zomato for overcharging most of the times but their AI bot resolves issues amicably without any human involvement.",2026-07-04T00:02:50Z
play_e24cc7f1-8b41-41da-993a-7d4ac0ab6dbd,GOOGLE_PLAY,Krishna,5,very good 😊,very good 😊,2026-07-04T00:02:44Z
play_41c22fb8-cf26-4a3d-a7fa-e38461ad7c84,GOOGLE_PLAY,Ahmed Ahmed,5,nice,nice,2026-07-04T00:02:00Z
play_8ca4b403-1b0d-4068-9855-fdc809995323,GOOGLE_PLAY,Arijit Dey,1,Not able to manage high demand,Not able to manage high demand.,2026-07-03T23:57:45Z
play_01b75d90-d7c8-4515-8189-de6d29134741,GOOGLE_PLAY,Riyaz Khan,5,nice,nice,2026-07-03T23:55:08Z
play_e19bf7bb-9844-4ec5-a912-d91d451e7ccb,GOOGLE_PLAY,Supen S,1,delivery bahut let hota Hai,delivery bahut let hota Hai,2026-07-03T23:55:04Z
play_97c70b87-a0f5-43be-8cdb-a6811cb55ddd,GOOGLE_PLAY,Kokila Khairnar,1,very very bad policy this app was very b,very very bad policy this app was very badest,2026-07-03T23:46:11Z
play_8c6fdd0e-603c-4588-9d2b-9f23ef4f7def,GOOGLE_PLAY,Kumar Priyansh,5,fantastic 😍,fantastic 😍,2026-07-03T23:45:16Z
play_8a18e971-380b-4924-8c1b-bf8b81970958,GOOGLE_PLAY,AYESHA5B,1,After ordering food if u have any concer,After ordering food if u have any concern they took minimum 30 min to solve it nd many times they dont even solve it nd there bolt delivery is pathetic nd there costumer support are very rude. zomato is far good from this app i recommand dont use it or else u regret,2026-07-03T23:44:02Z
play_0e4d37fc-7fc8-4039-9ec0-c1044ec7f8c8,GOOGLE_PLAY,SAHRUK KHAN (ARMAN BHAI),5,easy,easy,2026-07-03T23:42:35Z
play_b8ff61ca-888e-4369-aa94-0f16d17b91ae,GOOGLE_PLAY,sumukh Kumar,1,"never delivers on time, zomato is the be","never delivers on time, zomato is the best",2026-07-03T23:41:07Z
play_836c0650-e0d7-49ed-a3fe-e7da0cee4623,GOOGLE_PLAY,Priyanka Gautam,2,price k according aache ni h 😔 chilli pa,price k according aache ni h 😔 chilli pateto,2026-07-03T23:38:17Z
play_f08a33a9-9e49-4a7e-94c8-be17cc6d0c46,GOOGLE_PLAY,Mohd Faisal,1,right now my experience with Swiggy is w,right now my experience with Swiggy is worst totally west of time if u feel hungry u have to place a order before 2 hours after 1 hour 1:30 hour u guys assign a delivery partner such west of time,2026-07-03T23:36:49Z
play_f6a2071e-b02c-48c8-adeb-14bd83978ec8,GOOGLE_PLAY,Sanjay Ittoop,1,Your cost of food items are very high co,Your cost of food items are very high compared to what the restaurants are charging plus your platform fees Today the 3rd of July 2026 I'm placing one more complaint about your pathetic service and pathetic customer service too,2026-07-03T23:35:23Z
play_f573e01b-82cc-40be-9c7c-768d8acba721,GOOGLE_PLAY,Bharat Vashishtha,1,This is the worst app I have ever used,"This is the worst app I have ever used. From now on, I will neither use this app myself nor recommend it to my family or friends. Restaurants take more than an hour to deliver orders, yet there is no proper inquiry or action from your side. Even worse, one restaurant keeps sending the wrong order every time, but no investigation is conducted despite repeated complaints. The best decision is to stop using this app and advise others to do the same.",2026-07-03T23:34:28Z
play_709cef05-0160-4fb7-9bf5-68cbcc8837d3,GOOGLE_PLAY,Rajalakshmi Gunturi,5,nice fast delivery,nice fast delivery,2026-07-03T23:31:23Z
play_2fe0db5b-14b5-453c-a641-b230cc1ce066,GOOGLE_PLAY,Bhagwant Singh,5,wow great experience,wow great experience,2026-07-03T23:31:22Z
play_81e512bd-2c0f-4398-8b70-79339fba5238,GOOGLE_PLAY,Tofiq Tetwala,5,good,good,2026-07-03T23:27:46Z
play_d781e818-6dc5-4dbb-8bd9-9be0f10e7911,GOOGLE_PLAY,Ashwani Kumar,1,⭐☆☆☆☆ Worst experience,"⭐☆☆☆☆ Worst experience. Swiggy promised a 30-minute delivery, but after 50+ minutes no delivery partner was even assigned. Support falsely blamed the restaurant, while the restaurant confirmed they were waiting for Swiggy. I canceled only because of their delay, yet Swiggy charged me ₹270 as a cancellation fee and even disabled my COD option. Completely unfair and misleading service. Ownly provides better service than you guys.",2026-07-03T23:24:55Z
play_450236a6-602b-4d07-94bf-737202c44b7b,GOOGLE_PLAY,Biraj Nayak,4,good,good,2026-07-03T23:17:18Z
play_46919e34-3eba-4286-8ef6-818d8636c8f1,GOOGLE_PLAY,Vipul Yadav,5,good,good,2026-07-03T23:16:53Z
play_9d78fb07-e120-49cb-a33a-47fdc2f44e07,GOOGLE_PLAY,Shivam Aggarwal,1,"well done Swiggy, you have achieved to d","well done Swiggy, you have achieved to deliver almost every order delayed, really worst support, really worst experience",2026-07-03T23:16:28Z
play_9c2723b2-be3e-4794-a764-b1d36db7af10,GOOGLE_PLAY,Sunchu Rajashekar,5,super,super,2026-07-03T23:16:07Z
play_9aab2539-7167-4e0f-b55c-2ca63e24d12a,GOOGLE_PLAY,Yuvrajsinh Rana,5,DISCOUNT AAPTA REJO,DISCOUNT AAPTA REJO,2026-07-03T23:11:38Z
play_f166c3af-f095-42ca-a774-73c357817581,GOOGLE_PLAY,Sowntharya,1,this app 420,this app 420,2026-07-03T23:10:51Z
play_779a4942-9eca-40ee-855c-9b51596c5136,GOOGLE_PLAY,Shorif Ful,3,❤️,❤️,2026-07-03T23:10:34Z
play_0d89d23f-8c67-4b84-b517-fd454b309f10,GOOGLE_PLAY,Dinesh Bishnoi pulan,5,oradar time jaldi karo,oradar time jaldi karo,2026-07-03T23:08:20Z
play_337d7014-f5b7-4d0b-b6a3-b66f133820ba,GOOGLE_PLAY,Mohammed Naseer Khan,1,can't have any worse experience than thi,can't have any worse experience than this company,2026-07-03T23:05:28Z
play_d93cf15e-36c3-4e3c-9e32-8b5e1e201684,GOOGLE_PLAY,Jjnhhh Yhjh,1,this is wasted app in Play Store and ver,this is wasted app in Play Store and very bad experience this app,2026-07-03T23:04:35Z
play_807d381e-3b04-4673-b849-0c1be5cd4869,GOOGLE_PLAY,Md Aman,1,thora platform fee kam kro Swiggy,thora platform fee kam kro Swiggy,2026-07-03T23:03:23Z
play_7251ec29-9061-4fba-97f0-c4c512c67bf7,GOOGLE_PLAY,Nita Danial,1,mene butter chicken order kia uski jagah,mene butter chicken order kia uski jagah patani kya hi agaya no order Devi bojnalay food very very test less food 🤮,2026-07-03T22:59:03Z
play_0796f57d-5ab9-4915-ad80-77f2681ec2e2,GOOGLE_PLAY,Rajat Jaiswal,1,Often delivery is late and gets cancelle,Often delivery is late and gets cancelled. Help is just useless. The order got cancelled after a freaking 92 minutes.,2026-07-03T22:58:48Z
play_e8214b74-207f-4337-b2ad-af13b5228df2,GOOGLE_PLAY,Lokesh Mujalde,5,Good 👍,Good 👍,2026-07-03T22:56:09Z
play_a02298bb-bac9-4a88-98ba-6a10dde60b4f,GOOGLE_PLAY,Shivam jaiswal,1,VERY BAD APP I AM ORDER A FOOD ON 9,VERY BAD APP I AM ORDER A FOOD ON 9.20 TILL 10.53 NOT ORDER RECEIVED AND NOT ANY CALL BY RESTURANT AND DELIVERY BOY.I CALL BUT NOT RESPOND.,2026-07-03T22:54:06Z
play_48145628-3541-4e87-9e8f-82ff5b2a87f9,GOOGLE_PLAY,Ronit Shaw,3,Thanks for Swiggy It's a helpful and goo,Thanks for Swiggy It's a helpful and good app,2026-07-03T22:51:04Z
play_e3862c8c-040c-4ce9-8b2f-f2214496ce6c,GOOGLE_PLAY,तुषार जगताप,1,most pathetic app,most pathetic app. and worst customer care service,2026-07-03T22:48:09Z
play_26e8e9a0-df2e-4352-beec-0fb232e00bc5,GOOGLE_PLAY,Neeru,5,yooo,yooo,2026-07-03T22:43:48Z
play_ad19ee14-90f5-40c6-b637-1ec44319c673,GOOGLE_PLAY,Manish Kumar,1,quality bahut hi ghatiya bahut hi bekar,quality bahut hi ghatiya bahut hi bekar dikhate Kuchh aur dete Kuchh Aur Ho,2026-07-03T22:43:45Z
play_bbe535e7-f419-4f66-a78d-cb60dd4e1bac,GOOGLE_PLAY,Raaz Khan,5,👍,👍,2026-07-03T22:43:30Z
play_0bfb71ea-501d-460d-9519-0bd71828c5fe,GOOGLE_PLAY,shivanshome,1,not good,not good,2026-07-03T22:41:38Z
play_6837dcdd-348a-4437-8a7b-86182f559b52,GOOGLE_PLAY,YohaChandran Rajaratnam,5,"they don't deliver, I hate Swiggy","they don't deliver, I hate Swiggy",2026-07-03T22:38:40Z
play_1b99b36f-41be-428a-81e8-8cf7e2811a22,GOOGLE_PLAY,Aswad Karkar,5,nice,nice,2026-07-03T22:37:24Z
play_c1e4aa17-d8f1-4086-941b-b6d7afcff888,GOOGLE_PLAY,Dc rana,4,good,good,2026-07-03T22:36:59Z
play_04b045ac-c6e4-4932-bfce-83ff959706a4,GOOGLE_PLAY,S Priya,1,"poor support platform , no resolution","poor support platform , no resolution",2026-07-03T22:36:42Z
play_44361496-138d-4bce-b1b3-6cb7dfd76aca,GOOGLE_PLAY,Jagjit Singh,5,very good app bht vadia aa 100 number,very good app bht vadia aa 100 number,2026-07-03T22:28:46Z
play_17586beb-fb81-4299-9a67-401f03f33ff4,GOOGLE_PLAY,Vijay Sharma,1,Delayed deliveries and heavy charges and,Delayed deliveries and heavy charges and pathetic service managers,2026-07-03T22:25:36Z
play_92b3027c-6cb3-400d-90f7-e150c030f5f8,GOOGLE_PLAY,Sameesh As,5,nice,nice,2026-07-03T22:23:27Z
play_8cb8f38a-ab01-451e-acb9-484b9388f7e0,GOOGLE_PLAY,Sai varun,1,"useless app, takes 1 hr to deliver the f","useless app, takes 1 hr to deliver the food which was promised to be delivered in 30, support doesn't exist, ai agent will irritate u till death",2026-07-03T22:22:42Z
play_d7fec80f-dda8-488a-a96a-5c430b4524de,GOOGLE_PLAY,Jyoti Verma,5,very best app,very best app,2026-07-03T22:22:37Z
play_bd135924-525b-4cf8-9184-365cdf956ad2,GOOGLE_PLAY,Vijayshanthi Chavan,5,good,good,2026-07-03T22:21:11Z
play_d42e9a3d-5901-4b3d-9565-8c6d8275b39c,GOOGLE_PLAY,Krupa Patel,5,ok,ok,2026-07-03T22:20:37Z
play_e33d35fa-95bd-4edb-9e36-3f530e28cc1c,GOOGLE_PLAY,Sarath Manoharan,1,"worst platform, go for Zomato","worst platform, go for Zomato. this app dont allow to cancel even after food is delayed by hours. chat bot gives you same answer in cycles for ever",2026-07-03T22:19:58Z
play_f044324b-b294-4f90-b645-2aa1f8890b5b,GOOGLE_PLAY,sanoj kumar paswan,5,good response,good response,2026-07-03T22:19:48Z
play_07485fdb-9e95-4256-8dde-28134e4f0674,GOOGLE_PLAY,Raj Kashyap,5,good service,good service,2026-07-03T22:18:58Z
play_f561c45d-11da-47b5-9fd8-246dfa54b9ee,GOOGLE_PLAY,S NATARAJAN,4,good,good,2026-07-03T22:18:53Z
play_2fecd8a2-b35a-4ea7-ab26-7e2f3026755f,GOOGLE_PLAY,Rakesh Sahu,5,nice 👍,nice 👍,2026-07-03T22:18:33Z
play_215a748a-107c-4cbc-b5df-8684eaeaeb54,GOOGLE_PLAY,mrittunjoy Mohanty,1,disgusting app Very bad experience,"disgusting app Very bad experience. I have been using Swiggy for more than 5 years. There had been times when I faced issues but they were resolved. Today, however, the customer support wasn't very willing to help and even disconnected the call. I am definitely switching after this.",2026-07-03T22:16:25Z
play_cf0be01c-483b-4738-a3a9-d28d674fb59a,GOOGLE_PLAY,Akash Jadwani,1,very bad service for deliver food in tra,very bad service for deliver food in train please no body order food on train from this app,2026-07-03T22:12:41Z
play_08e8439d-22b1-4088-a53d-0abfb19f8290,GOOGLE_PLAY,Sitesh Siingh,5,ok,ok,2026-07-03T22:11:46Z
play_a80d27ef-8f4d-401d-9761-926a54dfcddf,GOOGLE_PLAY,Ramachandra rao,5,good,good,2026-07-03T22:07:24Z
play_45f6182b-9344-4ecc-839f-62d7b2f214a9,GOOGLE_PLAY,Bhavya Sharma,1,"Needed to give 1 star, coz was unable to","Needed to give 1 star, coz was unable to give zero.. waste App found in the solar System",2026-07-03T22:06:06Z
play_4503dd30-8ac0-453a-a62f-086371e0263e,GOOGLE_PLAY,Anil Singh,5,good food,good food,2026-07-03T22:02:50Z
play_5316c464-04c7-4dee-8f76-632a4a5c05f4,GOOGLE_PLAY,Rohan Shaw,5,so good and satisfying,so good and satisfying,2026-07-03T22:02:50Z
play_88835dd4-8baf-4bc9-886d-f30360cd4e4c,GOOGLE_PLAY,Vipul Vaghela,3,no delivery boy 😣😣,no delivery boy 😣😣,2026-07-03T22:01:31Z
play_f77f69b4-3b5a-4466-a46d-e5ff4d8c9e56,GOOGLE_PLAY,Sumon Mondal,2,Always delivered late,Always delivered late,2026-07-03T22:01:13Z
play_9c0c537e-3466-4cec-bff2-b2db22dfbc24,GOOGLE_PLAY,Jegan r,5,very good and genuine service,very good and genuine service,2026-07-03T22:01:12Z
play_a6cf9acc-71af-4fbf-b3bb-15510b7d0a4c,GOOGLE_PLAY,princee srivastava,5,Nice,Nice,2026-07-03T22:00:26Z
play_3a6bee5a-8eaf-4acb-9cfa-5d13cf1a6b46,GOOGLE_PLAY,Ritesh Chandra,4,good,good,2026-07-03T21:58:53Z
play_39f5054f-c4cf-44ee-8637-a8127aa9a87d,GOOGLE_PLAY,Keswar Khema,5,ok,ok,2026-07-03T21:55:44Z
play_abd0f713-c402-4d7d-99f9-d8d8853e6f30,GOOGLE_PLAY,SHAILESH KUMAR DIXIT,5,good,good,2026-07-03T21:51:22Z
play_78954eed-822e-4c8e-8ebe-afd68ceb1cd4,GOOGLE_PLAY,Saikul Ali,5,good,good,2026-07-03T21:50:30Z
play_162533dc-7167-4e82-b83d-123d790520bd,GOOGLE_PLAY,Shubhanshu Gupta,1,Very difficult to connect to a customer,"Very difficult to connect to a customer care executive, Ai bot is a major setback.",2026-07-03T21:47:44Z
play_64955701-1a2a-4491-a00e-393666d0d7be,GOOGLE_PLAY,Vijay Shinde,5,super,super,2026-07-03T21:47:07Z
play_771e73d9-c2a3-40a2-9655-1bd423e666dd,GOOGLE_PLAY,natural Health Juice Centre MEENA KALED,1,super,super,2026-07-03T21:46:02Z
play_a04c3c3f-d69f-47fe-ba70-cce42444c41f,GOOGLE_PLAY,Bhupendra Singh,5,good work,good work,2026-07-03T21:45:46Z
play_1fc00e03-efb5-4e1f-ab9f-ff295b428862,GOOGLE_PLAY,Eby Abraham,5,super,super,2026-07-03T21:45:11Z
play_09fbd6de-b0ec-49b1-b5f8-80402778524a,GOOGLE_PLAY,mukesh hyanki,1,very bad app,very bad app.,2026-07-03T21:42:25Z
play_3c63d46e-1c6b-4adb-aae2-119488b260c8,GOOGLE_PLAY,ekta malhotra,1,uninstalling this pathetic app,"uninstalling this pathetic app. order placed at 8:19. It's 9:40 and no order,no help. delivery agent not picking call. help center not helping. pathetic service. shame on Swiggy for harrassing customers.",2026-07-03T21:39:45Z
play_da7131d3-be98-4064-ac9f-d8267e34a6a0,GOOGLE_PLAY,Perm thapa,5,please come first delivery fast,please come first delivery fast,2026-07-03T21:39:43Z
play_a6797241-ba0d-464f-a6d9-45d6a8f6e91c,GOOGLE_PLAY,Ritesh Singh,5,nice,nice,2026-07-03T21:38:47Z
play_4bf05760-9a92-495a-a820-31c3fdec416b,GOOGLE_PLAY,Sunny Dharwal,5,Good app with heavy discounts,Good app with heavy discounts.,2026-07-03T21:37:12Z
play_884c2af3-5d94-4597-81fc-784faedecdaf,GOOGLE_PLAY,manish devmurari,4,good,good,2026-07-03T21:36:59Z
play_f5845db5-5278-4085-80f5-b22c272893af,GOOGLE_PLAY,Gopal Saini,5,full time enjoy 😀😉,full time enjoy 😀😉,2026-07-03T21:36:33Z
play_0553d052-2f70-46a1-ae81-f37b6b08b61b,GOOGLE_PLAY,sareesh m.s,5,good,good,2026-07-03T21:33:05Z
play_ddee8ec4-edb5-4619-ad6f-91ba8c1bfd10,GOOGLE_PLAY,kundan patil,1,"worst delivery hai , hamesha 6 min","worst delivery hai , hamesha 6 min. dikhate hai or 1 ghathe upper time lagata hai",2026-07-03T21:32:04Z
play_ab2b2483-1283-4d27-b069-9a9de33d8063,GOOGLE_PLAY,Manoj Singh,1,Very disappointing experience,"Very disappointing experience. The delivery executive behaved rudely and unprofessionally, which completely spoiled the experience. What's even worse is that the app has no proper option to report such misconduct or escalate the issue. Customers should be able to report misbehavior easily. Poor customer support and a pathetic delivery experience. I expected much better from Swiggy.",2026-07-03T21:31:53Z
play_027147b0-1673-40db-b435-a58e1875c8ec,GOOGLE_PLAY,Amita Mishra,1,charges are very high,charges are very high,2026-07-03T21:31:49Z
play_77e4bcd5-eef3-45a5-b511-3fb9c98a6360,GOOGLE_PLAY,Hariprasad Hegde,1,worst delivery app,worst delivery app. can't stick to time. Delivery takes 1 and half hour to deliver within 3km radius.,2026-07-03T21:31:47Z
play_67d6e687-f73e-4535-813f-d506bdbac2be,GOOGLE_PLAY,Sita Devi,5,mast,mast,2026-07-03T21:31:47Z
play_58cfb316-04b4-4fab-b405-b6dda0bca00f,GOOGLE_PLAY,Abhishek Bhattacharyya,2,order gets cancelled at the last time,"order gets cancelled at the last time. If orders cannot be delivered, it should be informed before time.",2026-07-03T21:30:11Z
play_2f22a7a9-e369-40ac-9862-b17d47cd4f3c,GOOGLE_PLAY,Muskan Khatun,5,food is soooo much good 👍 😋 👌 😌 thanku 😊,food is soooo much good 👍 😋 👌 😌 thanku 😊 🙏 😋 ☺️,2026-07-03T21:30:05Z
play_ec196813-2a70-440c-a88c-9d3f88136e89,GOOGLE_PLAY,Tharun .p,5,good,good,2026-07-03T21:28:23Z
play_96e41122-15c3-4072-a77f-168c3b9b8020,GOOGLE_PLAY,Koushik Doki,1,poor delivery time,poor delivery time,2026-07-03T21:27:54Z
play_60abb900-23b2-4632-b588-584bc9dcfd5c,GOOGLE_PLAY,Prince rathi,1,delivery charges nhi dikhate lekin add k,delivery charges nhi dikhate lekin add karne par lete hai,2026-07-03T21:26:57Z
play_2492e033-606c-4ff4-908f-724a714dba87,GOOGLE_PLAY,Harikrishna Harikrishna,5,good,good,2026-07-03T21:26:38Z
play_d07008a6-e323-4d39-983d-4e506d519a72,GOOGLE_PLAY,Surya Krishnan,1,snatiching,snatiching......had worst experience in banglore purposely delayed and snatched food because i was in bus. and the worst part is the carged me 159 for cancellation fees for your mistake.i have to pay this is unacceptable and decided to delete the app and switch to alternative apps and will file in consumer court. soon as possible,2026-07-03T21:25:55Z
play_6835f88c-8b16-4995-b48d-8348b22bccc7,GOOGLE_PLAY,abhishek majumder,5,"Best App in Agartala , Tripura","Best App in Agartala , Tripura.",2026-07-03T21:23:55Z
play_b938fc5f-f632-4c58-bc9a-a72c2dd61180,GOOGLE_PLAY,Aviano Ember,1,fraud app always charging serge fees and,fraud app always charging serge fees and I see many instamart guy are standing at the store waiting for order and they applied surge fees 😒,2026-07-03T21:20:54Z
play_8c4451ac-a75b-4815-824f-368c894781fa,GOOGLE_PLAY,Tulika Parasar,1,poor customer service and irresponsible,poor customer service and irresponsible towards food issues. customer is dealing with Swiggy and not the restaurant. there has to be some mechanism to resolve food issues.,2026-07-03T21:20:49Z
play_7670b8f8-0d8d-4f99-a0db-c7717d5772d2,GOOGLE_PLAY,Vishal Sharma,5,👌,👌,2026-07-03T21:19:54Z
play_d09854d5-e45e-4087-8071-4296d9abf4d9,GOOGLE_PLAY,Diili Babu,5,good,good,2026-07-03T21:19:08Z
play_e833ed86-5711-423b-b1a5-ff2cdde2c0ce,GOOGLE_PLAY,Dharmendra Rai,4,good 👍🏻😊,good 👍🏻😊,2026-07-03T21:17:23Z
play_9d33d4c3-e52c-4f48-ae18-60f0f9a97967,GOOGLE_PLAY,Shamsher Sheikh,1,bad offer,bad offer,2026-07-03T21:17:02Z
play_b217a699-a294-4763-b6c2-5cacd5da11ff,GOOGLE_PLAY,Saurav Paul,5,need more faster delivery,need more faster delivery,2026-07-03T21:16:35Z
play_e1499210-2e50-482e-914e-74e6c8694d46,GOOGLE_PLAY,VISHAL KUSHWAHA,1,as I had ordered mozzarella pizza and it,"as I had ordered mozzarella pizza and it was stiff like papd and when gone to chat support with in fraction of seconds they told it's resturants recipe like we call someone atleast it's resturants recipe how?? burnt recipe does not reflected in my menu and I received, and in just in a sec Swiggy confirmed with resturant and reverted to me it's their recipe.... 😂 how fast. and no agents were available to reply and despite that they replied",2026-07-03T21:15:02Z
play_ddbe3543-853a-4bc6-a79b-72c70b32e700,GOOGLE_PLAY,Arjun Kori,5,ok,ok,2026-07-03T21:13:40Z
play_749aad41-bc31-4eec-b005-8ee464ae425a,GOOGLE_PLAY,Madhu M,5,good app,good app,2026-07-03T21:12:37Z
play_812ba39c-6e50-4d54-9dc6-9cb4c0d4d74a,GOOGLE_PLAY,Naveen Nagarajan,1,worst customer service jokers; order was,worst customer service jokers; order was delivered 1 hour late with errors yet they wont cancel the order: customer experience is second rate here,2026-07-03T21:11:45Z
play_9b74dc65-4da7-4aae-aee6-98d195d87ed9,GOOGLE_PLAY,Nitin Yadav,5,good 👍 Job,good 👍 Job,2026-07-03T21:10:20Z
play_10849b88-a0f5-40e7-b30f-bfb09a7ad61a,GOOGLE_PLAY,Ram Kumar,5,good,good,2026-07-03T21:09:11Z
play_8ac43799-cba1-4cd8-b74e-dedcedc99d94,GOOGLE_PLAY,Karthikeyan Masilamani,1,instamart product are delivered in a gar,instamart product are delivered in a garbage bag and they charge handling charges from users for garbage bags,2026-07-03T21:08:10Z
play_9adf1026-7bc6-4883-aa85-cbe1059dc5ce,GOOGLE_PLAY,Sanjay Singh,5,service good,service good,2026-07-03T21:07:21Z
play_ebc483ca-d5b5-43f8-8def-005dec168062,GOOGLE_PLAY,Love Guru,5,best,best,2026-07-03T21:07:15Z
play_49a3a047-6d0c-45c7-9574-c187b57ffcbf,GOOGLE_PLAY,Sk Ariyan,5,Good 👍👍,Good 👍👍,2026-07-03T21:03:40Z
play_6b5a2e0d-8baf-48b5-8d0d-66a70da97738,GOOGLE_PLAY,SWATHI K,1,worst service,worst service,2026-07-03T21:03:01Z
play_1d57e9ce-a502-4119-b434-f919b6b91bd0,GOOGLE_PLAY,"Kathu,s vlog “Kaathu' s” Sharikarthika",3,good,good,2026-07-03T21:00:41Z
play_718aeade-7366-489c-855b-508a743d7d4f,GOOGLE_PLAY,Gajendra Meena,5,I like it,I like it,2026-07-03T20:59:46Z
play_aec4bcc9-daac-4daf-af31-50ffe4840a7d,GOOGLE_PLAY,Saurav Gawande,4,good,good,2026-07-03T20:58:48Z
play_30629f7b-8936-46fc-b061-8e965c2e476b,GOOGLE_PLAY,Anu Priya,5,it was so nice that the delivery partner,it was so nice that the delivery partners were so nice and the Instamart was quick and so many offers,2026-07-03T20:57:01Z
play_4b5694ef-a095-4374-9d7e-a55508baf96e,GOOGLE_PLAY,Aditya Gupta,5,nice,nice,2026-07-03T20:56:36Z
play_1dfd076a-df47-4644-8c3f-e1d599b24289,GOOGLE_PLAY,Koyeli Sarkar,5,Swiggy is a lifesaver,"Swiggy is a lifesaver. Thank you, Swiggy!",2026-07-03T20:55:28Z
play_ba87858b-4c33-4d4b-a6d7-d963cc919553,GOOGLE_PLAY,Ranjan Sharma,5,very good 👍,very good 👍,2026-07-03T20:54:43Z
play_55e72347-d461-4ded-b9dd-f5949c000672,GOOGLE_PLAY,Raj Kumar,5,nice thanks for trynew coupon and free c,nice thanks for trynew coupon and free cash thank you so much Swiggy,2026-07-03T20:54:02Z
play_956fa35e-2127-4b50-9111-ac32fad6fb35,GOOGLE_PLAY,parthiban T,1,worst food app,worst food app...there is always 100 to 150 rupees difference between direct take away and via Swiggy excluding delivery charges....why so?,2026-07-03T20:53:56Z
play_51451671-2130-4b10-b4ac-750789d67cec,GOOGLE_PLAY,Mamata Singh,5,very good,very good,2026-07-03T20:48:13Z
play_66c1c3f8-5a19-47ac-b71a-9d9895536b08,GOOGLE_PLAY,Anand C,5,little soon delivery should be taken,little soon delivery should be taken,2026-07-03T20:47:28Z
play_c513d6c9-16d6-4152-a789-5833dca6400c,GOOGLE_PLAY,Saurav Kumar,1,useless app does not have any customer c,useless app does not have any customer care service only computerised unsatisfied chat system,2026-07-03T20:47:19Z
play_06115f62-b9e9-4571-8c7f-afd96c780115,GOOGLE_PLAY,Al-Shekha Beegum B.A.,2,taking too much time,taking too much time....,2026-07-03T20:46:06Z
play_0be1f458-2b8c-4106-b81f-28bcd5869aff,GOOGLE_PLAY,Darsh Shinde,1,"bad service , they don't have proper del","bad service , they don't have proper delivery partner's",2026-07-03T20:45:13Z
play_57696c25-bf13-468d-941b-f60073ac2d8c,GOOGLE_PLAY,Gohil Jaydipsinh,5,"wow , so amazing and user-friendly app","wow , so amazing and user-friendly app .🫶",2026-07-03T20:43:37Z
play_7cd888c4-b770-427e-9dad-b783ed391299,GOOGLE_PLAY,BIKE RACING,5,good,good,2026-07-03T20:43:15Z
play_4efbd4d0-522a-4537-93a0-a12298457b80,GOOGLE_PLAY,Neeraj Choubey,5,good,good,2026-07-03T20:41:29Z
play_9ec2e8bb-366b-4152-be29-772f68322cc7,GOOGLE_PLAY,Max Fly India,5,good,good,2026-07-03T20:40:29Z
play_26f63cbe-c91f-4d98-a474-af412fa1cd59,GOOGLE_PLAY,mani Maniganda loki,1,wery bad food quality delivery and low q,wery bad food quality delivery and low quantity penalty frouds inthis app cheep tricks play in Swiggy agent,2026-07-03T20:40:11Z
play_8ba4919a-7df9-40de-ad80-fdeeada0f755,GOOGLE_PLAY,Manish,5,very good👍👍,very good👍👍,2026-07-03T20:39:43Z
play_043399a2-6b73-4f79-898f-74c1cd496cb0,GOOGLE_PLAY,Divyesh,1,"faced a very bad experience, app isn't c","faced a very bad experience, app isn't canceling my order",2026-07-03T20:39:05Z
play_651cd963-a9b4-4a7f-b5f5-2407f4eb116e,GOOGLE_PLAY,REVATHI DTP,5,good,good,2026-07-03T20:38:48Z
play_e9a150d3-e39a-42a1-838b-6f5f96a5ff8b,GOOGLE_PLAY,Sudhir Sharma,5,order aane ke bad mein kuchh bata paunga,order aane ke bad mein kuchh bata paunga fir bhi aapko extra De Diya,2026-07-03T20:37:38Z
play_6d52c7e4-e254-42a3-a115-8a3d05c7a9bf,GOOGLE_PLAY,Fiz Kh,1,Swiggy takes no responsibility if spoilt,Swiggy takes no responsibility if spoilt food is delivered by the restaurant. Spoilt deteriorating food is a health hazard and safety concern. I had ordered bhakris from ssarwadi in seawoods Nerul completely spoilt. complained to Swiggy they say they cannot do anything but share feedback how is that a resolution. Ashutosh Pandey desk supervisor did a very pathetic job in the way he handled this,2026-07-03T20:36:33Z
play_19aed0ec-0462-4aff-8335-9a1af5cb5a48,GOOGLE_PLAY,Aswathyvinod 25,5,good,good,2026-07-03T20:36:14Z
play_1c133a03-ef03-4ef8-8ccc-e69b54c861c9,GOOGLE_PLAY,Anonymous,5,better discounts thsn any other food del,better discounts thsn any other food delivery apps. Its been a year since I ordered from Zomato..,2026-07-03T20:35:34Z
play_f19573a0-c4d4-4369-b4b3-5534a68d38a9,GOOGLE_PLAY,KRISHNA YADAV,1,pathetic experience they don't have any,"pathetic experience they don't have any real grievance redressing system and no control on food delivery persons they showed 15mins to delivery food for nearly 1 hr and also when tried to complain no one to answer. Updating my review on 03/07/2026: In my experience, the late-night delivery service has been highly unreliable.If you usually order food after 1–2 AM or work night shifts and sleep late, be prepared for long waiting times and the possibility of your order being cancelled is very high",2026-07-03T20:32:38Z
play_4c7feb6e-4fb0-40fa-b41e-dc417c666e8b,GOOGLE_PLAY,kotipalli venkataramanakumar,5,Good n faster,Good n faster,2026-07-03T20:32:31Z
play_23f60156-5187-4a17-942b-4b06555beeb7,GOOGLE_PLAY,Maddi Prasad,5,well price,well price,2026-07-03T20:31:53Z
play_2d7d24b2-eb2f-45d8-b00b-f29ed5587adc,GOOGLE_PLAY,Nitumoni Boruah,5,nice app,nice app,2026-07-03T20:31:34Z
play_a22e97c8-f2d2-4be0-9f73-9b8d46924fdd,GOOGLE_PLAY,shilpa narwane,1,worst delivery service,worst delivery service..... customer care is only cheating their customers,2026-07-03T20:29:20Z
play_99fb303d-6e63-46fb-9752-0afe1bc8fd5e,GOOGLE_PLAY,Prakul Bhardwaj,1,I can cancel order and I will losse my m,I can cancel order and I will losse my money,2026-07-03T20:28:44Z
play_a2db37c7-c4cf-4903-a0b9-3aeb20842845,GOOGLE_PLAY,vijay goswami,5,excellent,excellent,2026-07-03T20:24:03Z
play_4b2d2423-a222-4d41-962a-30ac5373a665,GOOGLE_PLAY,Bitra Konda,5,well price,well price,2026-07-03T20:21:01Z
play_07737ec8-6d16-449d-9cc5-5d03f83ce27a,GOOGLE_PLAY,Anas beigh Beigh,5,best app,best app,2026-07-03T20:19:55Z
play_e680a5fd-3a01-48e1-ab38-635665fa65a2,GOOGLE_PLAY,Swathika Swathi,5,good 🤍,good 🤍,2026-07-03T20:19:24Z
play_01c7ed01-491a-4cb8-a257-1eb7d60c061f,GOOGLE_PLAY,Pratiksha Kushwaha,4,very reasonable price and quick delivery,very reasonable price and quick delivery,2026-07-03T20:18:05Z
play_6a54b45b-3463-4426-86b6-6fe546904234,GOOGLE_PLAY,Navneet Mongra,5,good,good,2026-07-03T20:17:38Z
play_ccf3351e-a7a8-4958-a561-385331574bcb,GOOGLE_PLAY,Beeresh Mk,5,best service,best service,2026-07-03T20:16:47Z
play_f1dfda2c-6ab8-4ad0-a470-a65635708fa8,GOOGLE_PLAY,Shailesh Makvana 7783,5,nice,nice,2026-07-03T20:15:54Z
play_b9cce5fb-d994-49bc-95da-494151f746fd,GOOGLE_PLAY,Ragnatha.s latha.k,5,good,good,2026-07-03T20:13:42Z
play_ee541348-3db7-42a4-91b4-8f3442f9f6b5,GOOGLE_PLAY,Dharmendra Patkar,4,good,good,2026-07-03T20:12:32Z
play_16ca8471-cfae-488f-be77-457fafe61a41,GOOGLE_PLAY,manish kharuliya,4,good,good,2026-07-03T20:12:19Z
play_bf040276-a677-4b44-95cf-ad321dcd2f5e,GOOGLE_PLAY,Rajahumundry si Swaroop,1,boka app,boka app,2026-07-03T20:11:55Z
play_8de553d6-aa3e-4448-861d-efc35cb88ea7,GOOGLE_PLAY,Parvatii Anandan,2,my money was sent in refund and is not y,"my money was sent in refund and is not yet refunded its been almost 5 months now ,what do i do ,i expected a help long back but its delayed way to much",2026-07-03T20:11:45Z
play_cbc8f33d-d7fb-480a-a805-d0f04108a3b3,GOOGLE_PLAY,amit tiwary,5,great service,great service,2026-07-03T20:10:14Z
play_48f3aee8-e9c6-4206-af8f-a480b1a34c04,GOOGLE_PLAY,Kavya Anugraha Farms,1,it's not working properly they show 1 rs,it's not working properly they show 1 rs offer at the end it will not even select dont ask me email okay as we don't have that time to go through and chat long mail,2026-07-03T20:09:17Z
play_4cdbd77d-cca9-4e36-93e1-a49761732ee5,GOOGLE_PLAY,Sarvesh Kumar,1,poor,poor,2026-07-03T20:07:48Z
play_37a8541e-3404-4527-9175-e8344ad6704a,GOOGLE_PLAY,Kantharaj Raj,5,Nice,Nice,2026-07-03T20:07:23Z
play_a9937f60-d948-4834-ad0e-fc09493fe0ae,GOOGLE_PLAY,Ansari Ahmad Muddassir,1,"very bad services in my city, no values","very bad services in my city, no values for customers, if hungry and order some foods so don't use swiggy, use another food app.",2026-07-03T20:06:27Z
play_90cc5809-fb9b-40fe-9780-84d1f38df411,GOOGLE_PLAY,Phaneendhar Vemuru,1,to many gimmick pop ups and platform ads,to many gimmick pop ups and platform ads within the platform,2026-07-03T20:04:36Z
play_6a061892-d4d9-4769-8070-c6a4eedbcb7d,GOOGLE_PLAY,sampat bhati,4,good 😊,good 😊,2026-07-03T20:03:33Z
play_962f6cb7-a1a6-4d8a-a28f-214633b0460f,GOOGLE_PLAY,lokesh sen,1,aajkal bhoot late delivery kr rhe ho,aajkal bhoot late delivery kr rhe ho,2026-07-03T20:01:35Z
play_ca5d2ed5-0f09-4ebb-8dae-8bca73a1e823,GOOGLE_PLAY,Rambabu Mallela,5,wel price,wel price,2026-07-03T19:55:29Z
play_5347bce1-e664-4c98-9762-b62bc7c3e310,GOOGLE_PLAY,Biswajit Roy,5,Best online platform in Delhi,"Best online platform in Delhi. H.R is very polite. Hope, the platform shall be forwarded best service to all Delhiities.",2026-07-03T19:54:54Z
play_468fc275-d8c7-4c89-8e66-6e4c3d99402c,GOOGLE_PLAY,Kalakota Abhishek,5,📈🫡,📈🫡,2026-07-03T19:53:49Z
play_36e46d91-fc57-415f-9546-55968100087c,GOOGLE_PLAY,D J,1,Swiggy customer care is the worst! The e,"Swiggy customer care is the worst! The executives provide automated responses without understanding the issue. Today, I spent over an hour chatting with three different support executives to resolve an issue regarding refund. Absolutely frustrating! At the end, I asked the executive to end the chat and even that he couldn't do...kept sending me messages!! Extremely annoying and frustrating behavior! I was a regular customer of Swiggy. Few experiences like this! Leaving!!",2026-07-03T19:52:48Z
play_9fff1a74-39c2-4cdb-b5b4-d685c673a1b9,GOOGLE_PLAY,Dr Kumud Ranjan,5,1,1.5 Litter Coca Cola,2026-07-03T19:52:15Z
play_c0e52fd7-4db0-44bf-baf5-1b68151784e4,GOOGLE_PLAY,Dhan singh Bhandari,4,good,good,2026-07-03T19:47:25Z
play_19372a3d-4be8-475e-a70b-127ca0c4a1ca,GOOGLE_PLAY,EtHaNHunT,5,excellent customer service,excellent customer service,2026-07-03T19:41:42Z
play_fad9c261-91d8-4e73-b00f-46eee5607372,GOOGLE_PLAY,Shekhar j Jangde,5,veri nice service and fast,veri nice service and fast,2026-07-03T19:41:24Z
play_cea64e2d-b96d-4b6b-bae8-109e12fce036,GOOGLE_PLAY,KAMLESH KUMAR 9518029925,5,very good 👍👍,very good 👍👍,2026-07-03T19:39:18Z
play_5f6b492c-af27-4927-b07e-2ff26d8a53d4,GOOGLE_PLAY,Shahnwaz Sahab,5,wow,wow,2026-07-03T19:38:58Z
play_8c8de9c4-d113-4479-a618-92f5d3305150,GOOGLE_PLAY,Raju PK,4,nice,nice,2026-07-03T19:37:56Z
play_b238d0fe-8fd4-4b4e-92ee-c37d49a71abd,GOOGLE_PLAY,Trailokya Barik,5,good,good,2026-07-03T19:36:48Z
play_3a8b0ff6-3486-4a7f-af06-ab133e66c9a7,GOOGLE_PLAY,Pragati Ingle,4,best 👌,best 👌,2026-07-03T19:36:08Z
play_c41404e9-1df3-4a8d-ac2d-69e39def9c81,GOOGLE_PLAY,Karan Devkate,5,Excellent,Excellent,2026-07-03T19:33:04Z
play_d58d1157-76c8-4b20-b958-f3388e849ad3,GOOGLE_PLAY,Srikanth Srinivasan,1,Abysmal customer service - order was can,"Abysmal customer service - order was cancelled twice, waited over 2.5 hours only to be told refund would take 4-5 business days with no compensation for the time and energy wasted behind their customer service.",2026-07-03T19:30:02Z
play_c4d419a8-1931-4f0a-8a78-50fa723b30e0,GOOGLE_PLAY,sayyed riyaz,1,Received an expired item from instamart,Received an expired item from instamart. details such as batch no mfg and expiration dates were removed deliberately.,2026-07-03T19:28:08Z
play_aca30d6e-f739-4d31-ae71-300e8bb66021,GOOGLE_PLAY,manminder maan,1,not giving upi options is useless and fr,not giving upi options is useless and frustrating,2026-07-03T19:28:03Z
play_901f2543-9169-405d-8ba6-b2aef2111f1e,GOOGLE_PLAY,Bincy Bincy,5,good,good,2026-07-03T19:27:29Z
play_e90613c0-efb0-49a2-93e3-70b9665581eb,GOOGLE_PLAY,Priya Dharshini,3,not response tha bakery numbers and not,not response tha bakery numbers and not quality,2026-07-03T19:25:56Z
play_1c71fad2-f760-47a3-8191-50ae327e99df,GOOGLE_PLAY,Gyanendr shukla,5,good,good,2026-07-03T19:25:05Z
play_26c9b378-7b58-4eca-8d3b-77f1cb5d121b,GOOGLE_PLAY,Mangesh Karhale,5,smart,smart,2026-07-03T19:19:06Z
play_f3b2253f-5227-4a48-9f98-39a07d0baaa8,GOOGLE_PLAY,Maffar Khan,5,super super super super,super super super super,2026-07-03T19:15:37Z
play_a3409790-12f2-4ca0-9741-4df795699df9,GOOGLE_PLAY,shailesh dholakiya,5,good,good,2026-07-03T19:15:07Z
play_e0eaf710-3efd-4a99-bdf7-5899ac49e0fe,GOOGLE_PLAY,Yateisha Yogi,5,ಓಕೆ,ಓಕೆ,2026-07-03T19:13:29Z
play_856aafcd-f21c-4096-ae90-4d4b8182e996,GOOGLE_PLAY,Snéha Roy,5,U GUYS R DOING AN AMAZING JOB FOR EVERYO,U GUYS R DOING AN AMAZING JOB FOR EVERYONE WHO'S FOODIE SPECIALLY. Tje service is also very good n easy steply....too cool as a genz .,2026-07-03T19:07:08Z
play_0a313197-6981-4e92-a4a7-5a446be23877,GOOGLE_PLAY,Alok Mishra,5,nice service,nice service,2026-07-03T19:06:45Z
play_8d8c511c-51c2-48a6-991c-5b49fa02d885,GOOGLE_PLAY,Soniya Saroj,5,good 👍,good 👍,2026-07-03T19:05:23Z
play_fde0cf6d-770c-4937-9632-edaf56d78ce1,GOOGLE_PLAY,Kuldeep Mishra,5,thank you very much,thank you very much,2026-07-03T19:04:36Z
play_5f0c794c-0e93-4174-9541-42d58e8af25d,GOOGLE_PLAY,James,5,nice,nice,2026-07-03T19:01:01Z
play_624881c9-4915-4d88-91f9-bef31c0311b7,GOOGLE_PLAY,Rangarao Movva,5,good service,good service. fast delivery.,2026-07-03T19:00:55Z
play_b3eefd3d-107a-48e2-9cbe-6e44c622aa47,GOOGLE_PLAY,Anant pawar,5,खुप चांगले सेवा आहे स्वच्छता पाळा,खुप चांगले सेवा आहे स्वच्छता पाळा,2026-07-03T19:00:17Z
play_b575eac7-37d1-4149-955b-3466e64c483b,GOOGLE_PLAY,Aditya Kumar Sharma,1,it's not an good app,it's not an good app. I have been trying to login into my account for many days but it's not letting me to login. everytime it says (there has been too much login attempt) I had mailed to support two times but they didn't give me an reply... there's support team is just the worse,2026-07-03T18:59:34Z
play_fba749be-5a6e-49e4-9118-f267998890aa,GOOGLE_PLAY,Yunus Ali,1,expired date is near 17,expired date is near 17.8.26 please return the payment,2026-07-03T18:55:57Z
play_281162f6-1460-4993-aa72-3feff582032f,GOOGLE_PLAY,Harsh Gupta,1,It's shows food in discount but can't ac,It's shows food in discount but can't actually pay in discount. I ordered a Pizza in ₹69 and actual price was ₹226 but it shows me to pay ₹226 means I actually did not got the discount. Please don't show items in Discount if you actually don't give in discount.,2026-07-03T18:53:49Z
play_302a7ebe-d821-4ba2-806f-774736214611,GOOGLE_PLAY,Tushal Kasvala,1,third class app not timely delivery food,third class app not timely delivery food I have booked order and delivery has been 1 hours 30 minutes worst this application very very bed services,2026-07-03T18:50:20Z
play_f8292d46-ac44-4894-a7f5-6147f869b695,GOOGLE_PLAY,Pratyush Ranjan Pradhan,5,nice 🙂,nice 🙂,2026-07-03T18:48:37Z
play_ddf7f6dc-3754-4d60-ae12-7fe425a45c4f,GOOGLE_PLAY,libin lazer,5,good,good,2026-07-03T18:47:29Z
play_3594b649-d96d-4fd4-84fa-6dabd1bd1150,GOOGLE_PLAY,Kannan Sethu,4,good,good,2026-07-03T18:45:39Z
play_e641f246-f69d-40ff-9a5c-37c3a60f15c2,GOOGLE_PLAY,Premsila Dhanwar (Shiiiilu),5,it's good,it's good,2026-07-03T18:43:23Z
play_af130523-5879-4a44-a856-d0c761c4d440,GOOGLE_PLAY,Md gouse Bepari,5,very good,very good,2026-07-03T18:41:40Z
play_fd5e498d-40f7-42fc-b2ff-32eee1c9c7cf,GOOGLE_PLAY,Shiju Thomas,1,Not trustworthy,"Not trustworthy. While pricing is competitive, there are lots of glitches in their delivery. Every food order get delayed by an hour, even after they mention your order is on priority. With these service quality, Swiggy food delivery might not survive long.",2026-07-03T18:39:17Z
play_b26632e7-f84b-4429-aee3-e089d2231915,GOOGLE_PLAY,Vishal Mehra,5,nice,nice,2026-07-03T18:35:00Z
play_59f04b5c-159f-495a-9b8a-7d6ac1d83273,GOOGLE_PLAY,Rakesh G K,1,I have been waiting for 2 hours for my o,I have been waiting for 2 hours for my order and it is not getting delivered if I connect with Support agents getting same generic response and no resolution for it and not able to connect to their supervisors even after waiting for 1 hour and the order is not getting delivered not sure how u guys are providing service to customers. worst ever delivery app,2026-07-03T18:30:59Z
play_bf9f2e9c-9aed-4195-a877-e6532c2839bb,GOOGLE_PLAY,Devendra Singh,5,nice,nice,2026-07-03T18:30:13Z
play_b284db24-df79-4be5-9167-bf2f1a4638d6,GOOGLE_PLAY,Raj Kumar,5,👍,👍,2026-07-03T18:28:48Z
play_2f2172ce-9d12-4887-9680-7b59f4bbb91c,GOOGLE_PLAY,Akash,5,nice,nice,2026-07-03T18:26:12Z
play_0753a9cc-f722-4f77-9067-a00422934d77,GOOGLE_PLAY,Raj Kumar Yadav,1,एक ही झोले में शाकाहार और मांसाहार।,एक ही झोले में शाकाहार और मांसाहार।,2026-07-03T18:25:16Z
play_d1b44a03-c3ad-4ff3-9878-4ec72694b429,GOOGLE_PLAY,SAURABH Mandiya,5,nice app,nice app,2026-07-03T18:25:02Z
play_f7ba479b-a61f-42db-9b7b-f4a482aa8eb0,GOOGLE_PLAY,Kavita Chowdhary,5,great 👍😃,great 👍😃,2026-07-03T18:24:48Z
play_3bd88aaf-6acf-4581-9833-9f4bf1dcbf72,GOOGLE_PLAY,Nivas Narasimhan,5,very service and delivery,very service and delivery,2026-07-03T18:23:42Z
play_f67c582d-fb43-4a05-89e3-323a1de51df3,GOOGLE_PLAY,Hemant,5,Mast hai,Mast hai.,2026-07-03T18:22:47Z
play_7ffa66e1-ffb7-46e5-91ca-48758f800213,GOOGLE_PLAY,Narendra Zala,5,very fast,very fast,2026-07-03T18:18:33Z
play_123b614a-b957-4e87-ab85-e52bf125f754,GOOGLE_PLAY,Devendar Reddy,1,"fraud app, i paid for 3 months Swiggy on","fraud app, i paid for 3 months Swiggy one membership, it said for unlimited deliveries for free delivery charges for 3 months... when I try to place order today, it shown ₹99 for free delivery, I added products worth ₹120... then again it showing add ₹29 more for free delivery... such a worst app it is, zepto ane blinkit are 1000 times better than this,",2026-07-03T18:15:28Z
play_adcaa98d-3811-4519-bd5f-537f9f269b70,GOOGLE_PLAY,Babai Singha,5,good,good,2026-07-03T18:11:55Z
play_e8fba9a2-b0de-4008-9993-e60f0796b5bd,GOOGLE_PLAY,Dasari Suresh,4,good service,good service,2026-07-03T18:07:19Z
play_4ee56f71-eac2-4d59-9479-97d7a7e0ddb6,GOOGLE_PLAY,Celeste,4,good but prices are a bit too high with,good but prices are a bit too high with all the charges and all 👀,2026-07-03T18:00:08Z
play_8dcb31e0-e51f-440d-8d47-c322a91662a6,GOOGLE_PLAY,Mr Prince Arya,5,best,best,2026-07-03T17:57:42Z
play_2279ff45-98b1-4713-acbb-ab0a537a43bd,GOOGLE_PLAY,Amal,5,good,good,2026-07-03T17:56:35Z
play_14681f95-f878-4a05-bcdc-5724fadeeaca,GOOGLE_PLAY,Simar Kaur,5,super 💯💯💯💯,super 💯💯💯💯,2026-07-03T17:55:16Z
play_da8af6e1-3d61-47c7-b4a2-3fcc71ed8490,GOOGLE_PLAY,Himani Makkar,1,most of the time food is delivered late,most of the time food is delivered late and if you deny to recieve cold food your cancellation fee of total amount of your bill of charged by them,2026-07-03T17:50:51Z
play_58aa21a2-097e-460e-ae92-a76ed2f8506a,GOOGLE_PLAY,Saurabh gupta,1,"horrible, horrible, horrible","horrible, horrible, horrible. i am really pissed off to expand on it. i've been asked to get in contact with a non-veg order multiple times even though I cleared I'm a vegetarian. they mess up and my whole day is ruined.",2026-07-03T17:50:09Z
play_bf4e7842-a18d-4c27-a41c-62db80a6d083,GOOGLE_PLAY,Hritushree Mog,1,such a pathetic experience I had with th,"such a pathetic experience I had with their customer service people, really not helpful at all. I have placed an order and I have requested for cancellation within 5-10 mins but delivery guy has marked as order before handing over to me, and when I refused to accept the order, delivery partner has said that somebody else will pick it up, so please accept the order, so I did the same thing. now their customer service is so poor, they are not helping at all. worst experience.",2026-07-03T17:48:44Z
play_b44c50dd-98a6-49e0-8cda-77539a4ede99,GOOGLE_PLAY,Raghav Kansal,5,UI/UX has improved a lot,UI/UX has improved a lot,2026-07-03T17:43:07Z
play_207612ac-30b2-4ff4-8d3f-40e2ff70727e,GOOGLE_PLAY,Seema ShikarVar,5,your meal is very tasty THANKS FOR DELIV,your meal is very tasty THANKS FOR DELIVERY 🚚,2026-07-03T17:40:34Z
play_d31abeaa-d3da-420e-b65b-6182e7867cc1,GOOGLE_PLAY,Manoj Goswami,5,very good 😊👍,very good 😊👍,2026-07-03T17:31:18Z
play_e3c9111c-e36a-4cf0-8e82-653a3a7a1786,GOOGLE_PLAY,Arun kumar Basu,5,noo comment thank you,noo comment thank you,2026-07-03T17:28:05Z
play_9c418c38-6787-4754-aa61-6e72deaf6846,GOOGLE_PLAY,sanjay rockz,4,cart is not good,cart is not good,2026-07-03T17:24:41Z
play_65601191-b7ab-4de0-98a4-ada99b38279c,GOOGLE_PLAY,Nizam Rohan,1,when i order in this app food the delive,when i order in this app food the delivery boy was very late and argue with us and the same food we ordered from zomato was way better than swiggy . and in location not arrived at way far dont order from here.,2026-07-03T17:23:14Z
play_b978ce88-2dd4-4d49-93b3-bba75899d9d2,GOOGLE_PLAY,Kahdija Parveen,5,best service provider,best service provider,2026-07-03T17:21:52Z
play_a3b38a12-a487-4ce6-bf80-9e1f69cbe3ac,GOOGLE_PLAY,Gaurav Dubey,5,nice,nice,2026-07-03T17:19:48Z
play_187292c2-d2c9-4045-9c27-67205f08acff,GOOGLE_PLAY,Devendra Kumar,5,easy way to buy any thing,easy way to buy any thing,2026-07-03T17:18:44Z
play_874bb621-5855-41dd-a5e7-334f42b581f4,GOOGLE_PLAY,Kumar Vaibhav,1,over charging,over charging,2026-07-03T17:14:41Z
play_5f9d3536-be13-442d-942d-b3376eab7d61,GOOGLE_PLAY,Charuhasani Charuhasani,2,superb,superb,2026-07-03T17:12:45Z
play_33613c4f-124e-4930-bf66-0d35e8264c0b,GOOGLE_PLAY,Aniket Verma,1,This is a completely useless app,"This is a completely useless app. Earlier I used to order something or the other everyday but once I ordered something and could not receive it. Now when I order, they show the amount added.",2026-07-03T17:12:43Z
play_e6786883-3a64-4da9-a447-febead3bf31a,GOOGLE_PLAY,Parthvi Brahmbhatt,1,middle man prices are sooo high! c'mon,middle man prices are sooo high! c'mon. lower it!! or give us more ₹ discount coupons,2026-07-03T17:12:04Z
play_b13fe499-4fed-4e75-bb33-c68818d0febe,GOOGLE_PLAY,islam rehman,3,sometimes cash on delivery is not availa,sometimes cash on delivery is not available and I have cash everytime so I rate it 10/3,2026-07-03T17:08:36Z
play_984d2ded-7f61-4035-93a1-76d221d82f60,GOOGLE_PLAY,ankit parab,4,good,good,2026-07-03T17:08:18Z
play_e0a25c20-12bc-40fc-ae76-c3b1cb8cf0df,GOOGLE_PLAY,Sumesh Kamath,5,👌,👌,2026-07-03T17:07:50Z
play_7b4a0497-27cc-4dd4-ab47-7525aa28b6fd,GOOGLE_PLAY,Bhupesh Kumar,5,good,good,2026-07-03T17:06:04Z
play_36a60f69-fd47-41ac-8883-0aa97bb0d98c,GOOGLE_PLAY,Imran Sayyed,3,good,good,2026-07-03T17:00:04Z
play_640119b4-5e6b-49cb-80b7-d9902c2556c8,GOOGLE_PLAY,Sumu M,2,This 2 star is for only one thing,"This 2 star is for only one thing. Tell me why you dont have filters inside the restaurant, similar to zomato? I dont get it you want people to keep on searching for the right food price or what.",2026-07-03T16:57:45Z
play_db5486c1-6502-4e4b-b8ee-914a7f36e710,GOOGLE_PLAY,Satyam Kumar,5,very good,very good,2026-07-03T16:56:55Z
play_10cf5388-9573-437f-a785-fc337fb7e350,GOOGLE_PLAY,Chetan Sharma,2,not fast delivery 😔,not fast delivery 😔,2026-07-03T16:56:12Z
play_22927246-c4d2-4c36-9a6e-0338cf9caa9b,GOOGLE_PLAY,bhabani pariray,5,very nice and keep your price low its a,very nice and keep your price low its a very good thing for customers...,2026-07-03T16:55:20Z
play_2b389fbe-ef6f-4142-ab28-15cfa0c8467e,GOOGLE_PLAY,M Venkateswaralu,5,good,good,2026-07-03T16:54:48Z
play_96bf01e2-bfd6-4836-91f8-f0dc44cb74a1,GOOGLE_PLAY,Shivandana,5,good ❤️‍🩹,good ❤️‍🩹,2026-07-03T16:48:50Z
play_8c342e78-2da4-465a-9cec-5107b4020c60,GOOGLE_PLAY,BHARGAV TRIPATHI,1,"worst app , not a single time got the or","worst app , not a single time got the order at time , the app is full of glitches delivery agents never cooperative extremely unsatisfied the competitor's in the field rr providing far better service",2026-07-03T16:47:39Z
play_988b023b-2a63-4e52-bd03-19b353c96e95,GOOGLE_PLAY,Ratish mottan,3,nice,nice,2026-07-03T16:39:35Z
play_b83a5993-ab1d-41e7-9782-58870d4038f8,GOOGLE_PLAY,Hitesh Jethva,4,good,good,2026-07-03T16:34:02Z
play_36f13f33-1436-439d-9ef1-1fd5d4b50537,GOOGLE_PLAY,Priyanshu Pandit,4,Nice 👍,Nice 👍,2026-07-03T16:31:32Z
play_82fa9774-3c7a-49cc-8a97-129c627ec18d,GOOGLE_PLAY,Sri Lekha,1,worst app please don't use this app next,worst app please don't use this app next time this people are not helpful if we have concern,2026-07-03T16:31:04Z
play_b56fb65a-1720-4fa5-aa60-af1eeb53435d,GOOGLE_PLAY,Gaurav Kumar,2,good,good,2026-07-03T16:25:04Z
play_14318049-a209-41d5-9b5e-8e805e8851ba,GOOGLE_PLAY,Anil bandaru Anil bandaru,4,ok good,ok good,2026-07-03T16:24:16Z
play_c70659ac-7358-4b90-88f8-87bb0d48118e,GOOGLE_PLAY,Ayyan Shaikh,5,best,best,2026-07-03T16:21:39Z
play_d44deaa6-8fc1-47a8-832a-f7253df916ae,GOOGLE_PLAY,Arun Singh,5,good,good,2026-07-03T16:16:05Z
play_d2d43b0a-2b72-4bde-88ea-5480c046458b,GOOGLE_PLAY,Aman Yadav,5,very nice 👍,very nice 👍,2026-07-03T16:05:19Z
play_42a1cc58-3b7c-4ac3-ba2e-4adeab6011f2,GOOGLE_PLAY,manoj K gupta,1,bekar app hai mere Sath froad kara hai b,bekar app hai mere Sath froad kara hai bahut ghatiya app hai koi bhi se Saman Nahin mangvae,2026-07-03T16:02:44Z
play_c9e409f5-ad3b-4eab-98cb-09d08f9f199f,GOOGLE_PLAY,Saif Shaikh,1,delivery time so late,delivery time so late,2026-07-03T16:01:41Z
play_5a2642ff-94ec-44cc-849d-715399b26fec,GOOGLE_PLAY,ABHIJEET GHENEKAR,5,ok,ok,2026-07-03T15:58:57Z
play_e48db486-a4b3-49d7-8c70-7a305ceda8c3,GOOGLE_PLAY,BearOwns,3,late ahh delivery,late ahh delivery,2026-07-03T15:54:32Z
play_6be1650a-4941-4cae-b1e7-b2b2215733d9,GOOGLE_PLAY,Aayzashaikh Shaikh,1,⭐☆☆☆☆ (1 Star) Worst Swiggy experience e,"⭐☆☆☆☆ (1 Star) Worst Swiggy experience ever. My Meghna Foods order was delayed repeatedly, and I ended up waiting almost 2.5 hours. Customer support was unhelpful and even rescheduled my order without my consent. The executive called me three times, but I couldn't hear anything during the calls, so my issue was never resolved. No apology, no accountability, and no compensation. Completely unacceptable.",2026-07-03T15:50:22Z
play_b60f33a3-7cbe-4954-9a69-a721655da371,GOOGLE_PLAY,Weisman,1,still have unnecessary cancellation fee,still have unnecessary cancellation fee from 3 years 😂,2026-07-03T15:46:14Z
play_07941949-2bff-4f3c-9303-2100e57a3b4a,GOOGLE_PLAY,Ashish Bhardwaj,2,su ufff,su ufff,2026-07-03T15:44:04Z
play_01d760db-dc3c-4dcc-b64f-296de58473e4,GOOGLE_PLAY,Chanchal Choudhary,3,good 👍,good 👍,2026-07-03T15:41:59Z
play_1f8b787e-9fa8-45f2-99d0-6d3a97bf7a0e,GOOGLE_PLAY,Gangadhar Kalavara,5,good,good,2026-07-03T15:34:15Z
play_c7787756-19df-4fc5-9840-8c544be564ed,GOOGLE_PLAY,parasu ram,1,wast this app money waste no testey food,wast this app money waste no testey food,2026-07-03T15:27:52Z
play_336d0304-0340-42b2-a8f1-3c3bf55443f1,GOOGLE_PLAY,Rohit Roy,2,nice 👍,nice 👍,2026-07-03T15:27:07Z
play_04789e08-0617-4fa7-8306-10f00434c37f,GOOGLE_PLAY,sunil athalye,5,Best,Best,2026-07-03T15:26:49Z
play_6247559f-2e7c-44a4-be1f-2fbfda8acfe7,GOOGLE_PLAY,Rohan u shettegar Udaya,5,👍🙂👍,👍🙂👍,2026-07-03T15:26:13Z
play_51737787-3338-453f-a1af-a3b1e19db58c,GOOGLE_PLAY,Naru D,5,thanks thanks,thanks thanks,2026-07-03T15:24:38Z
play_041749d1-de47-47ef-b7ad-0c6f2673ddca,GOOGLE_PLAY,Pankaj Kumar,5,super,super,2026-07-03T15:17:45Z
play_c7a4f7e8-c944-4860-b916-73819465be40,GOOGLE_PLAY,Aryan Kashyap,5,very nice 🙂,very nice 🙂,2026-07-03T15:16:58Z
play_83032aae-282a-4ff6-aee5-7dd2957f1b57,GOOGLE_PLAY,Dvz Op,4,good,good,2026-07-03T15:16:32Z
play_65ec3c89-2332-492f-8091-62d1354e044e,GOOGLE_PLAY,Yash Pal,4,good 👍,good 👍,2026-07-03T15:11:28Z
play_f91cffb1-7c97-4fa9-8cea-289670eefca4,GOOGLE_PLAY,Heena Agarwal,3,app is good but I did not get 1 rupees o,app is good but I did not get 1 rupees offer,2026-07-03T15:09:43Z
play_c81e4bdf-245c-402f-b832-b2411649e6c4,GOOGLE_PLAY,dinkar budhwant,3,best,best,2026-07-03T15:09:02Z
play_e67da401-a272-4484-8671-9232171cf594,GOOGLE_PLAY,Govind Sathyan (AcHu),5,😍😁,😍😁,2026-07-03T15:07:58Z
play_76e8fb99-82eb-4085-b305-81324d7a0b81,GOOGLE_PLAY,Tara Chand,1,charges is both high,charges is both high,2026-07-03T15:06:42Z
play_469a34fe-e387-41b1-aab8-4342a9c047a4,GOOGLE_PLAY,KOMALPREET KAUR,4,good,good,2026-07-03T15:03:42Z
play_cce5b335-0a7e-405e-a141-d4e5ac3cfd96,GOOGLE_PLAY,Nasreen Star Meker Life,5,good,good,2026-07-03T14:59:39Z
play_f86cd961-7590-49b4-8cec-c1d2c5c860f2,GOOGLE_PLAY,ritik Singh,5,mast,mast,2026-07-03T14:59:31Z
play_15548b32-09a1-42ab-9872-7a285d3c6231,GOOGLE_PLAY,Aslam Khan,5,just awesome to placed orders,just awesome to placed orders,2026-07-03T14:59:05Z
play_be4d45c8-d12e-43dd-af16-293c5a88f630,GOOGLE_PLAY,Satyavathi G,4,🤞👍,🤞👍,2026-07-03T14:58:15Z
play_3e081cec-926a-414f-829d-ffbd0695ffba,GOOGLE_PLAY,Skmohammad,5,perfect,perfect,2026-07-03T14:57:43Z
play_c5648867-4e59-4964-8a57-9294224b735e,GOOGLE_PLAY,Amogh Aidoor,1,The user treatment is getting worse by t,The user treatment is getting worse by the day. Perhaps it has outgrown it's operational capabilities. I quit with immediate effect.,2026-07-03T14:57:30Z
play_2b60f64b-9ec7-4fe9-964a-ee3e2d7d44da,GOOGLE_PLAY,Priti Devi,4,nice,nice,2026-07-03T14:55:39Z
play_7faa93cc-693d-4074-b9de-9bb3e9621d83,GOOGLE_PLAY,Bilal Barkati,5,So thank Swiggy,So thank Swiggy,2026-07-03T14:55:09Z
play_6d21bb2b-1bf3-4027-b420-a0138712d0a5,GOOGLE_PLAY,Vanarcha Durga,4,super,super,2026-07-03T14:48:28Z
play_045d219d-6a8e-4635-a44b-1b8cf35e677c,GOOGLE_PLAY,Raghavendra Reddy,1,not getting the food in the train when I,not getting the food in the train when I am getting very hungry searching in your Swiggy app there is showing after 2 hours my bad luck to get unable to get the food,2026-07-03T14:47:17Z
play_d8f54902-1ace-4bad-a7b2-47910c3bac08,GOOGLE_PLAY,shahid ali,4,super fast,super fast,2026-07-03T14:44:57Z
play_b14300e2-a37d-42d9-a3b1-37819822bf49,GOOGLE_PLAY,Alma Mary,5,super 😘,super 😘,2026-07-03T14:43:53Z
play_40c4e637-d898-4627-8cbb-b0c30ca9b58f,GOOGLE_PLAY,Neelakandarajan N,1,they cheating people with fake delivery,they cheating people with fake delivery tym always,2026-07-03T14:43:36Z
play_a9eb2582-db7b-43ef-9c23-2b687fba1658,GOOGLE_PLAY,P Almya,5,good,good,2026-07-03T14:42:21Z
play_88cfd44d-db5d-4144-b746-ce76073ca0c8,GOOGLE_PLAY,Dhanakumar Karkondala,2,i don't want this app waist,i don't want this app waist,2026-07-03T14:41:29Z
play_488f6260-d8bb-4211-91e2-4f677c1c2759,GOOGLE_PLAY,Sakshi Pandey,1,worst service no resolutions give worst,worst service no resolutions give worst delivery of food worst assistance so many unsolved queries,2026-07-03T14:41:22Z
play_ba3ec38f-5c45-43ae-a308-48f3cb4013f5,GOOGLE_PLAY,Sanchit Tiwari,1,good 👍,good 👍,2026-07-03T14:40:33Z
play_96bfe52d-6476-4282-90c9-11514971f174,GOOGLE_PLAY,Akshaya Murugesan,5,good,good,2026-07-03T14:40:08Z
play_7b8bcc15-dc9e-4ecd-b9e6-67e54c68650c,GOOGLE_PLAY,Govindh Ponmandi,5,awesome,awesome,2026-07-03T14:39:53Z
play_84711f6a-d153-4eb5-b253-2e8ea8db51c6,GOOGLE_PLAY,Kulsum Kulsum,3,good,good,2026-07-03T14:39:35Z
play_ce532302-6ac8-482f-9e14-319bfb95649a,GOOGLE_PLAY,Bahadur Singh,5,good service,good service,2026-07-03T14:36:36Z
play_967d4b6a-5a07-4d34-8ba3-bb879d2cfe14,GOOGLE_PLAY,Sanket Dhawade,4,better than zomato,better than zomato,2026-07-03T14:35:56Z
play_7d783089-dbe9-457d-a834-2f2c3f917482,GOOGLE_PLAY,Atul Kumar,5,good,good,2026-07-03T14:32:23Z
play_5e137574-7c07-4556-a296-3054e9bc5828,GOOGLE_PLAY,somya nigam,1,good,good,2026-07-03T14:30:33Z
play_21e9ee2a-68dc-4e14-9560-4458a1db1612,GOOGLE_PLAY,Ashanti Swain,5,ok,ok,2026-07-03T14:30:33Z
play_25fbf925-8540-4fe3-9836-baa3c7e3fa66,GOOGLE_PLAY,Asmath Aijas Mohammad,5,nice Interaction with Customers,nice Interaction with Customers.,2026-07-03T14:27:20Z
play_021aea03-824d-4bf9-8607-20dc6df54e88,GOOGLE_PLAY,Albert Citrus,5,Nice collision with Instamart and giving,Nice collision with Instamart and giving service makes so happy for us have a nice day,2026-07-03T14:25:44Z
play_0f02bbd3-524e-4d6c-81e8-62f255f37a24,GOOGLE_PLAY,Sushanth Kumar,5,Good Platforms,Good Platforms,2026-07-03T14:19:13Z
play_fa0c6a99-9219-48ae-b8d4-c3f42b768d6f,GOOGLE_PLAY,Jaspreet kaur,4,Good service,Good service,2026-07-03T14:17:46Z
play_7cf1f568-a6af-418d-9b90-d1dbb53569ee,GOOGLE_PLAY,arjun V,5,good,good,2026-07-03T14:17:33Z
play_8c7c9857-fefe-483e-8b12-4abba4458ef2,GOOGLE_PLAY,Hidayath Khan,5,good 👍,good 👍,2026-07-03T14:16:53Z
play_6cd27cf7-ef54-4e3a-8b30-e38d5d4ee765,GOOGLE_PLAY,shiva ji,5,handicap nice use,handicap nice use,2026-07-03T14:16:51Z
play_0caa045b-b079-4c97-b110-313fdf0d132b,GOOGLE_PLAY,Khan Moin,5,I love Swiggy,I love Swiggy,2026-07-03T14:12:22Z
play_9eee6546-e259-4bc2-8928-cd730db75386,GOOGLE_PLAY,Mubashira Mubashira,2,they increase the price but give less fo,they increase the price but give less food. not of course never on time always 1 & half an hour always have to wait. and they promise to send the food on time what a joke 👏🏻,2026-07-03T14:12:07Z
play_0dd6b4f6-b0a2-4969-9887-13d38cb8a82b,GOOGLE_PLAY,Moms Pizza,3,delivery time jyada hai,delivery time jyada hai,2026-07-03T14:11:47Z
play_da8abcae-19a8-4da7-aba4-3d85975c402d,GOOGLE_PLAY,Isaiah Ashok,5,good👍😊💯,good👍😊💯,2026-07-03T14:11:45Z
play_fb4d001d-cc0d-4ab8-9084-21b31900e583,GOOGLE_PLAY,Ismael Murmu,5,Awesome po,Awesome po,2026-07-03T14:09:36Z
play_e4322187-4c2d-4f38-8647-9d8b98cffe57,GOOGLE_PLAY,baburao k,5,good,good,2026-07-03T14:06:24Z
play_7b85c955-5487-4e5c-b5fe-68ccc7843240,GOOGLE_PLAY,gunaarriyaa gunaarriyaa,5,"Good, like it","Good, like it.",2026-07-03T14:06:05Z
play_aa8db76e-735b-4585-8530-aa1c6a0d0728,GOOGLE_PLAY,Adit Dalvi,1,Swiggy system is bad,"Swiggy system is bad. Without delivering, rider can mark delivery from his side. And then team takes a lot of time to understand it and still don't resolve it. This never happens at zomato.",2026-07-03T14:02:54Z
play_027d14da-5207-4885-bd24-bdb5fb16f1d1,GOOGLE_PLAY,Abid Khanday,5,fast and reliable 💪,fast and reliable 💪,2026-07-03T13:59:50Z
play_a97e706e-369f-463d-a165-f875bb93a080,GOOGLE_PLAY,Bumba Chowdhury,1,extra delivery chrage and other charges,extra delivery chrage and other charges are too high,2026-07-03T13:59:37Z
play_1fdd55be-ce4c-4768-a2a0-394639f0a758,GOOGLE_PLAY,Rajasthan Security Solution RSS,5,🤫😍😋😊😊😊😇,🤫😍😋😊😊😊😇,2026-07-03T13:56:13Z
play_1bb2931c-7b9a-4e8d-a34a-cf7355f40f9a,GOOGLE_PLAY,Eswar Kumar,4,good,good,2026-07-03T13:56:07Z
play_9a70c2bd-ff0d-43d5-9fc8-0a89ba232c21,GOOGLE_PLAY,Ravali Nammi,5,ok good,ok good,2026-07-03T13:54:58Z
play_35c9161a-5d5f-47b0-ad7b-3f9c264612e5,GOOGLE_PLAY,Santosh Vishwakarma,4,nice,nice,2026-07-03T13:54:18Z
play_b98dcb8e-a6d3-496e-bb25-c3d040f235e3,GOOGLE_PLAY,Neha Sharma,3,nice good work,nice good work,2026-07-03T13:54:14Z
play_92947ebe-47a6-4996-bb97-9d7cd071d674,GOOGLE_PLAY,Ishita Chakraborty,4,good 😊,good 😊,2026-07-03T13:51:14Z
play_1e0f41b4-c229-4202-9957-62b14d276082,GOOGLE_PLAY,Nagaraj Shivappa Kurli,5,good thank you,good thank you,2026-07-03T13:49:47Z
play_911116a2-6637-4a37-91d0-bfc5807023e7,GOOGLE_PLAY,Palepu Estheru,4,good,good,2026-07-03T13:48:31Z
play_b757946d-1793-4e98-adec-02b7bdbf4ad3,GOOGLE_PLAY,Anil Tak,5,very good,very good,2026-07-03T13:43:18Z
play_78d66a7f-0950-49e6-97e0-8641d9060201,GOOGLE_PLAY,Amit jaal,5,nice,nice,2026-07-03T13:43:06Z
play_50830a78-0650-4141-b6f6-c095dba02bfc,GOOGLE_PLAY,Eerappa n,1,a delivery partner will teke long time b,a delivery partner will teke long time bad in swiggy som time teke 1 hour not interested swiggy app,2026-07-03T13:41:39Z
play_02640306-c4f9-424e-867d-13be51983dff,GOOGLE_PLAY,Arpit Agrawal,1,your AI chat support pathetic,your AI chat support pathetic. Hiring humans and stop harrsaimg customer with AI chat bot,2026-07-03T13:41:22Z
play_bf599aff-da8b-4295-95e1-b186c90dc5c2,GOOGLE_PLAY,Shailesh Kumar prajapati,1,not good app maine char biryani order Ki,not good app maine char biryani order Kiya lakin teen hi laya delivery wala customer care se baat karne par pahale bola refund milega but kuchh din baad bolte hai hmm apko refund nhi kar sakte hai very bad don't use this app,2026-07-03T13:34:58Z
play_d6533cf6-e7f7-4034-8d3e-0f3a1756be47,GOOGLE_PLAY,Umang Patel,4,good,good,2026-07-03T13:33:55Z
play_55218ff0-830d-45e6-a6af-b343ef4c01d5,GOOGLE_PLAY,Sonal Shah,5,I really want to appreciate the service,I really want to appreciate the service the delivery partners are so polite as well but you are taking too much time for preparing the food 😔 anyways I love the food too thankuuu ❤,2026-07-03T13:31:41Z
play_4c061f79-778c-4b00-988a-d28fd7feaff9,GOOGLE_PLAY,Sudiksha Yadav,5,good experience 👏🏻,good experience 👏🏻,2026-07-03T13:26:46Z
play_d67c2f2e-2e7f-49b1-afa1-e625bb1e32b3,GOOGLE_PLAY,Sanket Singla,1,worst services there delivery agent aske,worst services there delivery agent asked for money of your prepaid order and when I complained about this they are saying we can't do anything with this never ever recommend Swiggy ( Chor he ye ) from past 4 days I have done compliant they will tell you that we will resolve in 24 to 48 hours and again after 2 days they will again ask you to complaint again poorest services,2026-07-03T13:22:45Z
play_88eacecc-88eb-4275-80a7-bea55b895ab8,GOOGLE_PLAY,ANWIKSHA CHAKRABORTY,1,Swiggy had become absolutely pathetic,"Swiggy had become absolutely pathetic. Especially the customer support is good for nothing. Earlier it had better at resolutions, now it's just bot chats and even if there's human intervention it's minimal & absolutely unhelpful. Downgrading real bad",2026-07-03T13:19:15Z
play_0f05d548-9e0f-4df4-bfbe-b16238d4f274,GOOGLE_PLAY,Rimsha Khan,5,am extremely disappointed with this orde,"am extremely disappointed with this order. The Chicken Cheese Sandwich was cold, tasteless, and I found a fly inside it. This is a serious hygiene and food safety issue. After seeing and eating it, I felt nauseous and vomited. My entire order and money have been wasted. I have attached photos as proof. I request a full refund immediately. Please process my refund within the next 10 minutes. If this issue is not resolved immediately, I will escalate this matter to the appropriate consumer autho",2026-07-03T13:16:32Z
play_e982b22a-e341-45a8-ae6a-2ee1f5cd428f,GOOGLE_PLAY,Naveen Gaddaguti,5,super,super,2026-07-03T13:14:30Z
play_a06a00a2-9ee7-4893-aa58-25f09bb27a21,GOOGLE_PLAY,Asma Jabeen,1,"duplicate food is delivering in Swiggy,l","duplicate food is delivering in Swiggy,low quality road side serving,shahghouse restaurant is very poor food delivering, Swiggy is enrolling all road side restaurants for money and delivering us road side food,bcoz of that gealths of all people are suffering a alot",2026-07-03T13:14:23Z
play_6461941e-6b25-4dad-95c5-44b5f616cfc6,GOOGLE_PLAY,Jayaprakash Thevar,2,ok ok,ok ok,2026-07-03T13:13:38Z
play_9460ad45-0e4d-4aa4-8765-eb365a8b1b9a,GOOGLE_PLAY,SajiRockZz Saji,5,good,good,2026-07-03T13:13:07Z
play_1e1115df-b1ab-4350-be5d-601bbb1c90ad,GOOGLE_PLAY,Kruti Thakor,5,best,best,2026-07-03T13:12:28Z
play_c784261c-8edf-492d-a530-353244626e4b,GOOGLE_PLAY,Suraj Kumar,5,nice,nice,2026-07-03T13:12:03Z
play_82d3a359-c1bc-4d97-80ac-843a3ee11cd7,GOOGLE_PLAY,Najeer Sanadi,4,good,good,2026-07-03T13:10:33Z
play_50189c19-0361-4b4b-8edb-76c173b5cae4,GOOGLE_PLAY,Iswarya A,1,im using this app for long time but rece,im using this app for long time but recent I'm facing order with online payment issue....after selected the order can't able to pay...it's taken too much time yet can't to pay. after few minutes it's came to home page or app would be close...it's really waste of so much time.....,2026-07-03T13:09:40Z
swg_play_001,GOOGLE_PLAY,Anonymous,1,Cold food and 50 mins late,My order arrived almost an hour late during dinner rush. Delivery executive GPS tracking was stuck in one location for 30 minutes. Contact me at rahul.sharma@gmail.com for order ID 849201.,2026-06-21T08:08:56Z
swg_app_002,APPLE_APP_STORE,Anonymous,2,Delivery partner behavior,The delivery partner refused to come up in the elevator and left the food at the security gate. Very rude behavior.,2026-06-07T08:08:56Z
swg_play_003,GOOGLE_PLAY,Anonymous,5,Super fast delivery,Ordered biryani and got it hot within 25 minutes! Swiggy genie is also very helpful for sending packages.,2026-06-14T08:08:56Z
swg_app_004,APPLE_APP_STORE,Anonymous,1,Missing items in order,Ordered 4 burgers from Burger King but only received 3. The packaging was crushed and drink was spilled inside the bag.,2026-05-31T08:08:56Z
swg_play_005,GOOGLE_PLAY,Anonymous,2,Wrong item delivered,Received veg noodles instead of chicken noodles. Automated customer care chat bot closed my complaint without refunding. My number is +91 98765-43210.,2026-05-24T08:08:56Z
swg_play_006,GOOGLE_PLAY,Anonymous,1,Instamart items out of stock without notice,Half of my Instamart grocery items were marked out of stock after placing the order and I was charged full amount. No replacement call was made.,2026-05-17T08:08:56Z
swg_app_007,APPLE_APP_STORE,Anonymous,5,Instamart is a lifesaver,"Got milk, bread and snacks delivered in literally 10 minutes at 11 PM. Great grocery selection and fast billing.",2026-06-14T08:08:56Z
swg_play_008,GOOGLE_PLAY,Anonymous,2,Vegetables freshness issue on Instamart,The tomatoes and spinach ordered via Instamart were stale. Please improve quality checks at dark stores.,2026-05-10T08:08:56Z
swg_app_009,APPLE_APP_STORE,Anonymous,1,Swiggy One free delivery coupon not applying,I paid Rs 1499 for annual Swiggy One membership but at checkout it still adds Rs 45 delivery fee! The coupon says not applicable on restaurant.,2026-05-31T08:08:56Z
swg_play_010,GOOGLE_PLAY,Anonymous,2,Surge fee is too high,During slight rain they charge Rs 60 extra rain surge plus packaging charge plus platform fee. Swiggy has become too expensive compared to Zomato.,2026-05-03T08:08:56Z
swg_app_011,APPLE_APP_STORE,Anonymous,1,GPS live tracking freeze on iPhone,The live map tracking freezes completely on iOS 17.4. I have to force close and reopen the app every 5 minutes to see where my order is.,2026-06-07T08:08:56Z
swg_play_012,GOOGLE_PLAY,Anonymous,2,UPI payment money deducted but order failed,"Paid via Google Pay UPI, amount debited from my HDFC bank account but Swiggy app showed payment failed. Device UUID 550e8400-e29b-41d4-a716-446655440000.",2026-05-24T08:08:56Z
swg_play_013,GOOGLE_PLAY,Anonymous,5,Smooth UI and Dineout discounts,The app interface is super clean and paying restaurant bills via Swiggy Dineout gives great flat 25% discount on HDFC credit card.,2026-06-21T08:08:56Z
swg_old_014,GOOGLE_PLAY,Anonymous,1,Old crash issue,App crashed when opening coupons page.,2026-03-22T08:08:56Z
swg_spam_015,APPLE_APP_STORE,Anonymous,5,Nice,!!,2026-06-14T08:08:56Z
